crossed,profit,non_base,asset_classes,managers,derivs,AUM,appusage,time,satisfaction
0,7,1.443240524,2,3,0.043358811,411,0.090168106,15,8
0,4,0.541396982,3,2,0.098052209,321,0.129651968,14,7
0,2,0.688572872,2,4,0.082622211,272,0.16642964,21,8
0,0,0.635480581,3,2,0.022521007,85,0.173926563,7,7
0,2,0.734321844,1,2,0.147035454,295,0.047055035,25,8
0,2,1.394959529,2,19,0.085062758,405,0.110333173,34,8
0,4,0.654640025,2,10,0.047219853,397,0.097386113,24,7
0,3,0.789108245,2,4,0.056721441,232,0.149004293,16,7
1,7,0.471844519,1,2,0.109818059,161,0.116042627,12,7
1,7,0.656332616,1,14,0.218335863,935,0.104930932,18,8
0,9,0.969527883,2,10,0.092953549,624,0.11835579,23,8
0,8,0.925626748,2,6,0.092710811,368,0.195760416,20,8
0,7,0.428024177,2,12,0.086947185,286,0.130996233,22,7
1,7,0.4842604,1,2,0.049962628,485,0.113989776,16,7
0,9,0.340397426,3,2,0.047782805,366,0.044807414,8,7
0,7,0.933578118,2,2,0.042411569,429,0.190911953,23,8
0,6,0.899272723,2,2,0.032337773,326,0.043228529,20,7
0,5,0.684163851,1,11,0.045849253,1035,0.078286802,18,8
0,1,0.390026877,2,2,0.084033083,294,0.081681275,13,8
0,7,0.582418869,2,2,0.065353337,358,0.053262945,19,8
0,7,0.29828347,2,7,0.133618398,282,0.119969838,22,8
0,5,0.409113187,3,3,0.041823204,286,0.088154608,18,7
0,1,0.482931131,2,12,0.088087835,619,0.093397841,22,7
0,4,0.834793235,1,3,0.094073621,588,0.07874906,12,7
0,7,0.797618005,1,15,0.046765031,607,0.071756556,19,7
0,6,0.959114554,2,6,0.123848132,301,0.155036078,26,9
0,2,0.136860682,2,2,0.068750956,335,0.123750256,14,8
1,4,0.582260848,2,2,0.052219528,252,0.115853661,25,7
0,3,0.309126312,2,2,0.029133187,206,0.068801868,15,7
1,9,0.29298283,1,4,0.147128803,227,0.145763881,12,7
0,3,0.645436388,3,8,0.050035784,146,0.114195449,20,7
1,8,1.134604739,1,14,0.109862577,898,0.194579456,29,9
0,7,1.445414329,1,17,0.050801809,284,0.17504978,20,8
0,7,1.088384343,2,3,0.053437126,367,0.061603954,18,7
0,3,1.432655932,3,5,0.070259913,392,0.039881903,22,7
0,7,1.174101969,2,9,0.084494867,236,0.113583472,27,8
0,3,0.525770324,2,9,0.119136802,617,0.090815262,26,8
0,5,0.836340836,1,8,0.08484125,371,0.103182859,15,7
0,2,0.350408663,2,2,0.043586265,106,0.069490354,20,7
0,2,0.517706473,1,3,0.061598055,307,0.119688941,17,8
0,7,0.385724132,2,2,0.086028692,150,0.114252114,21,8
0,6,0.137276299,3,2,0.016971044,87,0.07377117,16,7
1,3,2.631060949,2,19,0.070376153,771,0.150577374,30,8
0,5,0.291983435,2,6,0.039187368,808,0.113698277,23,8
0,4,0.56803317,2,2,0.105413382,243,0.199565187,20,8
0,2,0.596156857,2,2,0.039041452,207,0.082287241,15,8
0,6,1.262012982,1,8,0.104199327,567,0.145756149,20,8
1,6,0.75607352,2,4,0.036635659,94,0.10906415,21,8
0,6,1.609472272,2,2,0.126115491,125,0.168183386,16,7
0,0,0.427470207,2,2,0.053704045,124,0.044066965,15,8
0,3,1.044648944,1,5,0.09109477,675,0.143653868,18,7
0,5,0.306015811,2,2,0.053208562,157,0.099935949,15,7
0,3,0.568150987,3,9,0.052937222,449,0.138322044,17,7
1,6,0.762508128,1,11,0.079080113,1887,0.193628833,25,7
0,7,0.48884442,3,4,0.041412384,566,0.127027983,17,7
1,6,0.900100343,2,7,0.100488101,1108,0.194818923,28,8
1,5,1.196685411,1,11,0.083998189,297,0.14472742,30,8
0,3,1.037366191,2,7,0.150233539,737,0.19186579,25,8
0,5,0.21250986,2,2,0.025623734,117,0.048977786,9,6
0,4,0.198498533,3,2,0.048562263,243,0.075796294,6,7
1,1,0.519868858,2,5,0.021923031,148,0.119228108,15,7
0,6,1.984361709,3,6,0.075888385,297,0.08862863,27,7
0,3,0.85143239,2,9,0.040295345,808,0.094183396,31,8
0,0,1.331534817,2,2,0.061370551,487,0.051422321,25,7
0,0,0.225398199,3,2,0.022582411,284,0.073951085,13,7
0,6,1.100407362,3,6,0.03549684,236,0.114472267,21,7
0,7,1.153540558,2,2,0.060802738,317,0.077607496,24,7
0,7,0.674834408,2,2,0.041346142,363,0.192210602,27,8
0,6,0.707639402,2,7,0.100472522,207,0.086816026,22,8
0,2,0.474933568,3,2,0.037016859,137,0.057290352,16,7
0,0,0.168076827,2,2,0.032009523,287,0.025545324,15,7
0,0,0.519887332,2,2,0.073878157,208,0.099842068,22,8
0,1,0.357956714,2,2,0.082723171,281,0.122990395,20,7
1,3,0.753447862,2,11,0.071105366,305,0.070397006,25,7
0,1,0.765805253,2,2,0.090554333,629,0.061759886,14,7
0,1,1.20116224,2,6,0.052876068,353,0.084359588,14,7
1,3,0.79493528,2,15,0.025632046,421,0.134446632,22,7
0,9,0.872611776,2,7,0.048265351,796,0.153607834,25,7
0,4,1.418158116,2,9,0.148826743,332,0.127936636,17,8
1,8,0.612621356,1,3,0.086627158,622,0.188826267,28,8
1,8,0.458503852,2,12,0.079709776,377,0.156101264,19,8
0,1,0.390007196,2,2,0.034366658,235,0.089095393,14,7
1,2,0.728296243,2,8,0.032138366,202,0.139927525,14,7
0,7,0.775039328,1,15,0.189016714,482,0.131160175,19,7
0,6,0.825730396,1,2,0.059415571,219,0.050720425,16,8
0,4,0.311614113,3,2,0.06676473,109,0.064166379,9,7
0,4,0.341388935,2,3,0.075840199,751,0.109635916,19,8
0,3,0.426029249,1,5,0.076021821,255,0.076992236,19,7
0,6,1.379567618,3,7,0.023427989,98,0.063535649,18,7
0,5,0.607360257,3,2,0.035934363,128,0.074411354,9,7
0,5,0.592004047,2,8,0.119275422,120,0.139312408,21,7
0,5,0.33965318,2,3,0.066949632,501,0.098319217,14,8
0,7,0.341453533,2,2,0.079065601,241,0.072208913,22,8
0,0,0.384930929,2,2,0.128509206,229,0.102292863,17,7
0,3,0.484929832,1,5,0.048203504,252,0.199525219,8,8
0,0,0.899751411,2,10,0.045888873,181,0.099175492,26,7
0,1,0.421228641,3,2,0.055788494,191,0.06445151,11,7
0,3,0.914795408,1,13,0.070980395,433,0.109446647,21,8
0,2,0.493193935,2,2,0.023131166,440,0.136074107,13,7
1,9,1.33789396,2,8,0.133644581,532,0.12390629,21,7
0,5,1.058439578,3,2,0.137970214,188,0.078255397,34,7
1,9,1.075155012,2,2,0.03708625,292,0.182694755,23,7
0,1,0.474699936,2,3,0.071644643,210,0.10496015,13,7
0,3,0.479824735,2,2,0.072925659,152,0.102207941,12,7
0,3,0.474293798,3,2,0.027011314,172,0.077299474,19,7
0,4,0.179064894,3,2,0.021857438,426,0.067222497,5,7
0,9,0.546154948,2,11,0.06143789,204,0.196677101,30,7
0,9,1.099553316,3,2,0.058016127,373,0.085138562,10,7
1,8,1.166950438,2,2,0.112661259,372,0.173220828,27,8
0,2,0.918108716,2,2,0.027817104,248,0.05406524,17,7
0,3,0.373073818,3,3,0.033526799,357,0.052362049,14,7
0,0,0.299548761,3,2,0.047454863,220,0.069192252,11,7
0,3,0.400209743,2,3,0.029709087,262,0.051828495,18,8
0,5,0.401099487,2,6,0.045126141,295,0.092820237,20,7
0,2,0.360647251,2,2,0.07247585,395,0.187409601,21,7
0,9,0.508480447,2,2,0.102152305,157,0.08433246,18,8
0,5,0.256077661,3,10,0.041102042,217,0.133057988,16,7
0,5,0.409621541,2,7,0.052062719,209,0.19132105,15,8
0,2,0.236926193,3,2,0.027348334,196,0.049303765,17,6
0,9,0.56365305,2,9,0.073053108,722,0.122719871,22,8
1,9,0.982577208,2,6,0.155311335,573,0.163990365,36,8
0,6,1.021664927,2,2,0.064948591,372,0.089822684,21,7
1,7,0.639339815,1,10,0.180326241,389,0.177779686,21,7
1,2,1.303459917,1,3,0.117725942,171,0.197490939,29,8
0,4,0.493965504,3,5,0.030264217,123,0.086312811,4,8
0,6,0.417180796,2,9,0.038111131,553,0.0988337,29,7
1,9,1.54544658,1,8,0.306291831,402,0.09298916,31,7
1,5,1.045663458,1,5,0.092947577,491,0.158286941,18,7
0,7,0.603241908,2,2,0.043150638,81,0.146168276,17,7
0,3,1.012355275,2,6,0.045566503,270,0.084798903,17,7
0,9,0.821173697,1,11,0.11844032,374,0.093922022,27,8
0,4,1.859594092,2,11,0.160223946,189,0.126061167,17,7
0,6,0.223066301,2,4,0.01037157,329,0.094414526,15,7
1,8,0.948157424,2,5,0.054724436,578,0.057093512,17,7
0,4,0.5739232,3,2,0.031657006,157,0.05427411,19,7
1,6,0.871549014,2,9,0.094921502,591,0.100861075,15,8
0,2,0.565147955,3,2,0.034367051,234,0.084556728,17,6
0,0,0.549058476,2,6,0.067019004,619,0.110626686,19,7
0,8,0.689227703,2,2,0.020454925,270,0.160709417,22,8
0,5,0.323728851,2,2,0.101210608,443,0.058934673,18,7
0,4,0.289186607,3,4,0.019807133,85,0.034821263,14,6
0,9,0.893565252,2,6,0.07888157,824,0.143791214,17,8
0,2,0.384460805,2,2,0.068091504,150,0.061789894,11,7
1,7,0.308519682,2,15,0.236461998,408,0.123695121,26,7
0,9,0.213638717,3,4,0.059020186,238,0.116175066,24,7
0,9,0.515382906,2,9,0.045745624,318,0.198124546,25,8
0,7,1.245364279,1,14,0.10933738,916,0.107453314,27,8
0,9,0.886506557,1,6,0.120797068,305,0.096113573,13,8
1,5,0.375300481,2,2,0.061348695,579,0.102230897,24,7
0,3,0.328141764,2,2,0.02787355,262,0.083131716,20,7
0,0,0.300645926,3,2,0.034804102,187,0.104560532,12,7
1,3,0.561126407,2,6,0.063805134,129,0.094265596,25,7
0,2,1.305167801,2,8,0.096205645,513,0.177835634,30,8
1,9,1.190062613,2,2,0.070246154,279,0.17305447,34,7
0,3,0.528349238,3,7,0.016252763,261,0.068093328,19,7
0,1,0.367040019,3,2,0.055782081,339,0.071501497,13,7
0,0,0.928986272,3,6,0.042225476,457,0.067601932,18,7
1,3,1.256295406,1,8,0.040365924,423,0.130346222,23,7
1,5,0.353979466,2,4,0.033170845,268,0.110026539,27,7
0,2,0.166937211,2,2,0.026282238,149,0.02596045,8,7
0,5,0.543195938,2,2,0.053823211,838,0.078910189,26,8
0,3,0.387072223,2,6,0.044251184,703,0.105170239,15,8
0,3,1.067083881,2,6,0.117871653,203,0.114126162,22,7
1,9,0.642656071,2,7,0.055111719,771,0.182592676,21,7
0,2,0.858757336,2,2,0.041210193,195,0.130295824,19,8
0,4,0.358740998,3,2,0.016279009,168,0.047236591,20,7
0,6,0.349379837,3,7,0.071563307,292,0.138279885,18,7
0,6,1.416252103,2,2,0.043558622,397,0.186620934,22,7
0,1,0.540056065,2,2,0.063906672,193,0.104899129,13,8
0,2,0.3168489,1,10,0.030302555,314,0.146297804,18,8
0,2,0.963503796,2,11,0.055148022,564,0.175098727,17,7
0,5,0.380301638,3,2,0.075095258,376,0.115589646,14,7
0,5,0.187554888,3,2,0.026016827,177,0.047590286,15,7
0,8,1.457540147,2,13,0.086520645,165,0.066412229,15,8
1,7,1.361990841,2,10,0.107440201,291,0.113146529,24,8
1,9,1.957124472,2,2,0.072001665,373,0.07808686,20,7
0,5,0.746418561,2,2,0.170578104,321,0.122680748,25,7
0,5,0.634446399,2,9,0.091419362,566,0.087876549,22,7
0,5,0.53819548,2,2,0.064565136,147,0.140214681,19,7
0,2,0.697880014,2,8,0.052667106,423,0.154045265,18,7
0,2,0.610028161,2,11,0.06213347,192,0.125329096,20,7
0,3,0.238744102,2,2,0.025446636,245,0.044911457,13,7
1,1,0.281599905,2,3,0.028984997,162,0.035792401,9,6
1,5,1.56978628,3,7,0.060643807,584,0.166417216,25,7
1,0,0.502165489,3,7,0.044041841,312,0.088933024,22,7
0,0,0.346335099,3,2,0.02674656,239,0.033017796,16,7
0,4,0.644705272,2,8,0.06307897,119,0.114335559,18,8
0,3,0.586173202,3,8,0.157283491,302,0.152129898,23,8
1,9,1.111373297,2,7,0.062222605,446,0.098815306,21,8
1,5,1.005103478,1,11,0.150666659,862,0.158259169,28,8
1,7,0.686065188,2,13,0.100735681,486,0.072304625,21,7
1,4,0.58085763,2,2,0.100145421,176,0.161611328,21,8
0,7,0.989002813,1,11,0.039799532,309,0.084805733,23,8
0,9,1.109408655,1,10,0.170335988,308,0.112977663,21,7
0,1,1.513502229,2,2,0.037019639,217,0.137233682,17,7
1,7,0.877230576,2,15,0.123707575,476,0.081240787,25,8
1,1,0.300984865,2,8,0.150226159,314,0.072359177,24,8
0,6,1.097201183,1,15,0.041647684,343,0.195369813,24,7
0,5,0.741934134,2,4,0.068669297,297,0.114410085,13,7
0,0,0.616558964,2,2,0.058865192,152,0.060741341,13,7
0,0,0.556352042,2,2,0.044000431,133,0.161863389,23,7
0,4,0.174145233,3,2,0.041803939,157,0.085486495,18,7
0,3,0.334620968,2,2,0.042005514,149,0.035264208,15,7
0,0,0.287712873,1,5,0.028655196,160,0.050760477,16,7
0,2,0.528274221,2,2,0.08307309,265,0.182789129,28,8
1,8,1.129363281,2,8,0.095450605,313,0.191105782,17,7
0,5,0.318441591,2,8,0.096655321,129,0.078658085,18,8
1,3,1.463812006,1,8,0.159220149,597,0.188461072,26,7
0,3,0.631982105,2,8,0.052376605,447,0.169458917,19,8
0,2,0.166476404,3,2,0.01242722,90,0.037816154,15,7
0,4,0.660189708,1,2,0.095602458,122,0.034621033,18,7
0,4,0.577009328,2,4,0.058603448,209,0.075314514,16,7
0,8,0.564995894,2,2,0.026333174,360,0.150415996,22,7
0,1,0.467801953,3,2,0.06391106,112,0.062403324,11,7
0,4,0.371458508,2,5,0.103627271,540,0.159196887,18,8
1,2,0.736113663,2,2,0.098274374,952,0.121885193,19,7
1,4,1.632624069,2,8,0.096366563,363,0.191687478,16,8
0,1,0.646948817,2,2,0.086993164,295,0.116934025,17,7
0,6,0.347068952,2,2,0.053421075,213,0.036730745,12,6
0,8,0.560251959,2,10,0.055229746,334,0.04923801,25,7
0,1,0.206414527,3,2,0.012093565,203,0.057568798,16,7
0,5,0.790961458,2,6,0.052505903,656,0.099422401,19,8
0,3,0.876614528,2,3,0.063689301,377,0.060249032,26,7
1,3,0.213932292,3,2,0.056969591,299,0.176816076,20,7
0,6,1.668082022,1,9,0.06584475,880,0.101111677,31,8
0,5,0.234474355,2,2,0.060081202,308,0.094468942,9,7
1,5,1.520345285,2,2,0.08370473,834,0.126011345,22,7
0,0,0.251240677,3,2,0.019781854,181,0.09838714,12,7
0,6,1.804826592,1,5,0.071522119,345,0.174846192,19,7
0,9,0.75321434,1,13,0.11109303,887,0.176316194,22,8
0,0,0.395067653,3,2,0.043083884,148,0.102493435,10,8
0,5,1.282615556,1,2,0.05933923,431,0.108954871,17,8
0,5,2.240663256,2,2,0.065835074,248,0.111628672,21,7
0,9,0.508120894,1,2,0.085686685,732,0.062796117,21,7
0,2,0.631878137,2,2,0.074984636,475,0.12592268,18,7
0,2,0.149683818,2,2,0.016385644,94,0.044796521,5,7
0,1,0.214348186,2,13,0.030665677,205,0.076113432,14,7
0,0,0.569524451,2,2,0.051071898,367,0.078129327,17,7
0,6,1.069320298,2,10,0.086932506,328,0.145032132,14,8
0,1,0.391576949,1,2,0.088860311,428,0.064266867,17,7
1,7,0.659818548,1,14,0.187612894,807,0.118056377,24,8
0,2,1.025544734,2,7,0.064255503,516,0.195487037,31,8
0,7,0.528038414,3,3,0.068900313,297,0.091042043,17,7
0,6,0.455084942,1,13,0.044958563,468,0.144715786,25,7
0,4,2.150973915,1,10,0.14572477,670,0.183423405,20,7
0,0,0.565830383,2,7,0.060429376,582,0.139218486,21,7
0,3,0.306843561,3,3,0.042209216,170,0.026269152,19,7
0,2,0.200870202,3,2,0.031134458,238,0.058428271,18,7
1,7,1.203901052,2,15,0.275453527,371,0.127901624,34,8
0,6,0.473295764,2,3,0.081228649,323,0.123023933,19,7
0,6,0.384416042,2,10,0.049641955,358,0.07558404,18,8
1,6,1.936316469,2,5,0.072842658,259,0.137221954,17,8
0,4,0.720215077,1,2,0.09035321,435,0.149306374,22,7
0,1,0.184246413,2,2,0.035255147,226,0.122447333,14,8
1,9,1.13107812,1,6,0.106153172,688,0.172075351,23,8
0,2,0.330527516,3,2,0.04692805,360,0.137487228,23,7
0,5,0.463306119,1,15,0.217756414,482,0.197710652,24,8
0,1,0.315262071,2,8,0.111601914,245,0.096230545,32,7
0,1,0.147385186,2,3,0.056853476,157,0.059666776,21,7
0,6,0.838948282,2,2,0.039666108,435,0.105870574,19,7
1,5,1.63911674,2,4,0.093436669,505,0.094942651,19,8
0,1,0.492472941,2,2,0.063343567,184,0.103790641,15,7
0,1,0.467370985,1,2,0.114604476,793,0.175554785,17,8
0,7,1.958635593,2,10,0.055917094,497,0.156443884,21,7
0,9,1.204563412,1,13,0.08769343,425,0.172116355,26,8
0,1,0.208581298,3,2,0.039500232,117,0.071001676,10,6
0,6,0.414704852,2,6,0.039448126,303,0.054930874,21,7
0,6,0.601034298,2,10,0.157300974,702,0.186859501,20,8
0,4,0.249790571,3,2,0.040832144,122,0.03009027,12,7
0,3,0.796092977,3,2,0.084067029,364,0.140674712,20,7
0,5,0.606510021,2,2,0.029484031,377,0.106884958,22,7
0,2,0.358980277,2,2,0.041947239,222,0.048364433,12,8
1,9,1.059305806,1,9,0.05063551,1129,0.194129069,24,8
0,9,0.379833616,2,4,0.035834936,323,0.158418542,17,8
1,7,0.928126207,1,17,0.063745448,425,0.194536838,28,8
0,8,0.65050101,2,13,0.030709537,316,0.126023112,26,7
1,7,1.193328051,1,18,0.117069763,551,0.187206136,21,8
0,5,1.455467828,2,9,0.094263729,370,0.079791269,25,7
0,4,0.981456142,2,6,0.064216658,425,0.124134443,20,7
0,2,0.534660463,2,2,0.022868125,157,0.019051102,15,7
0,1,0.197680167,3,2,0.035395528,160,0.060489918,23,7
0,7,0.318547422,2,9,0.109318158,112,0.094511176,12,7
0,3,0.337841581,3,2,0.025176427,172,0.090764922,14,7
0,1,0.514254199,1,2,0.035707415,278,0.073264269,17,8
1,2,0.679915462,2,10,0.063892204,163,0.105917734,18,7
1,6,0.946656861,1,10,0.162623466,696,0.19787889,32,8
0,4,0.289856126,2,4,0.032044252,165,0.045090547,14,8
0,4,0.420795607,2,6,0.027487769,375,0.05563782,13,7
0,1,0.805619119,2,2,0.05451433,378,0.078625277,23,7
0,1,0.344747896,1,2,0.058959075,157,0.071741233,13,6
0,6,0.593543419,2,8,0.112306931,191,0.191891854,27,8
0,3,0.488408991,2,14,0.059053128,306,0.097115873,17,7
0,2,0.222582733,2,2,0.011246374,85,0.103309211,10,7
0,9,0.972837901,2,16,0.098784243,368,0.13140169,23,8
0,1,0.392570654,3,2,0.024120347,96,0.049221518,14,7
0,1,0.434355197,2,7,0.040464581,272,0.091115253,16,7
1,4,0.919671023,1,11,0.118288652,295,0.171009532,32,8
1,5,0.764436819,2,3,0.086176207,310,0.109036153,25,7
1,5,0.725579625,2,2,0.046234395,535,0.196940066,36,7
0,9,1.110562929,2,11,0.056689595,825,0.160954746,21,8
0,4,0.432630586,3,2,0.10256612,247,0.090589578,15,7
1,6,1.993169692,1,11,0.102762629,1098,0.132957335,19,8
0,8,1.099453472,2,9,0.151596074,296,0.198738867,25,8
0,1,0.18787311,2,2,0.055766263,129,0.18864019,7,7
0,8,0.805895119,2,3,0.146580049,168,0.071153824,13,7
1,5,1.22343176,1,9,0.054197415,173,0.113112183,22,7
0,5,1.518707688,2,13,0.105336379,224,0.188557836,22,8
0,4,1.285954783,2,9,0.071907733,359,0.178612769,20,8
0,9,0.36456268,3,2,0.119038425,414,0.10695749,21,8
0,5,0.462446411,2,5,0.080204727,133,0.104007174,23,7
0,8,1.036437516,2,11,0.049720425,660,0.142835013,27,8
0,4,1.043914875,2,7,0.111240683,239,0.098980847,18,7
0,1,0.34070101,2,5,0.08209232,304,0.159798588,24,7
0,2,0.74656358,2,4,0.091478921,302,0.185554376,27,8
0,7,0.506297038,3,2,0.022989489,277,0.093957561,15,7
0,0,0.357675432,2,3,0.049062939,658,0.168863713,15,7
0,6,0.397800386,2,9,0.038834462,342,0.129121595,23,7
1,3,0.873601406,2,8,0.087930924,260,0.135852203,33,7
0,1,0.541339752,2,11,0.040727241,240,0.054491169,16,8
0,4,0.317508044,1,2,0.156070934,337,0.121245468,18,7
0,8,0.80945073,2,8,0.053418538,469,0.12936092,28,8
0,2,0.479436497,3,2,0.082898818,210,0.164231946,18,7
0,1,0.313894137,2,5,0.02053358,234,0.176823589,16,7
0,4,1.251739089,2,3,0.081572941,313,0.170011792,21,7
0,3,0.643863067,1,6,0.082017204,384,0.145231061,23,7
1,4,0.302200085,2,2,0.022772056,201,0.09426257,28,7
0,1,0.436064896,3,2,0.024658573,168,0.045617147,12,7
0,7,0.500888422,2,11,0.041843503,412,0.054665393,25,7
0,4,0.214548776,2,2,0.048826074,365,0.165027757,23,7
0,1,0.617628922,3,3,0.042404669,341,0.1538611,8,8
0,3,0.571608407,2,6,0.098528771,267,0.081801181,13,7
0,2,0.355479492,2,5,0.076690415,139,0.053896877,24,8
0,2,0.430401813,3,2,0.0381339,180,0.039508491,19,7
0,7,1.223842081,2,3,0.07693582,344,0.127193321,21,8
0,4,0.397903102,2,3,0.017291869,93,0.025773683,9,7
0,4,0.505370936,3,2,0.028861162,267,0.09437785,18,7
0,8,2.293307629,2,18,0.182020644,569,0.179573166,29,8
0,6,0.364779504,3,2,0.057010019,194,0.082824746,22,7
1,2,0.444570127,2,2,0.131450016,133,0.097266493,24,7
0,3,0.215990387,3,2,0.070317224,140,0.057052375,15,7
0,6,0.615604394,2,6,0.062046034,300,0.087992341,30,7
0,0,0.484901888,2,3,0.044746141,166,0.081144116,21,7
0,6,0.561597253,1,14,0.078761737,239,0.179552931,22,7
0,2,0.389637343,2,2,0.02379126,162,0.062266938,26,7
0,5,0.935800013,2,9,0.049511106,165,0.158137829,18,7
0,4,0.928420465,2,9,0.030269025,415,0.1078568,16,7
0,7,0.798186169,3,2,0.043060128,296,0.103062053,17,7
0,2,0.317447892,2,8,0.086606185,516,0.166158573,18,8
0,6,0.476703625,2,8,0.022178906,442,0.093163268,21,7
0,2,0.196827792,2,2,0.023331677,251,0.039361303,8,7
0,2,0.259148314,2,2,0.046814336,136,0.148442575,20,7
0,2,0.704596446,2,2,0.081647865,253,0.046438105,12,8
0,9,0.224761916,2,2,0.031992954,192,0.199132117,23,8
0,3,0.363970074,2,2,0.044775367,232,0.105136389,24,8
0,7,0.547661977,1,6,0.078266297,611,0.189629493,22,7
0,1,0.574241967,2,2,0.039698314,175,0.047704553,9,7
0,1,0.516559205,2,9,0.144475423,244,0.075708603,16,7
0,6,0.348248544,2,6,0.075668529,573,0.173702854,12,8
0,2,1.174279428,2,5,0.029068392,361,0.097753617,25,7
0,3,0.369900321,2,9,0.063987189,360,0.169381449,19,7
1,0,0.707324443,3,7,0.056663846,150,0.162954036,16,8
0,2,0.628744363,2,3,0.041322149,203,0.05173743,18,7
0,4,0.409497976,3,2,0.046208957,76,0.04265194,18,7
1,9,1.097421945,2,2,0.091698626,624,0.103261724,26,9
0,3,0.669884862,2,10,0.061280941,308,0.126068939,19,8
0,2,0.290154416,2,13,0.042466928,163,0.109561883,17,7
0,5,0.66104134,2,14,0.044709773,336,0.132892645,17,7
1,3,0.92012598,2,8,0.116924675,660,0.172174268,19,8
0,0,0.194031162,2,5,0.049722297,337,0.184882792,25,7
0,6,0.573697679,2,5,0.05252036,522,0.141695437,14,8
0,5,0.527080275,2,2,0.083353628,144,0.068768342,16,7
0,2,0.387079629,3,2,0.047429733,354,0.065432456,9,7
0,6,0.335566616,3,3,0.032716869,141,0.08889644,22,7
0,3,0.907361283,1,2,0.226017185,558,0.143932223,29,7
0,3,0.724715061,1,2,0.080626594,257,0.121249306,27,7
1,3,0.433109233,1,2,0.076910668,828,0.086708663,24,7
0,0,0.4746027,2,9,0.071778091,235,0.060453281,20,7
0,0,0.373768369,2,2,0.130162483,256,0.065693655,18,6
0,3,0.303498334,4,2,0.053447857,193,0.055224457,18,7
0,0,0.389434818,2,2,0.014932966,144,0.053103389,6,7
0,0,0.670999404,1,2,0.117750182,338,0.198746157,22,7
0,0,0.273148194,3,2,0.044270794,137,0.105959254,7,6
0,6,0.911972433,2,6,0.111154478,294,0.118073986,22,7
0,0,0.736672363,2,10,0.046473422,139,0.043887364,21,7
0,2,0.596206206,2,2,0.05787741,250,0.113729025,13,7
0,2,0.803138745,2,3,0.147780313,590,0.111162771,19,7
0,9,1.879636786,2,2,0.134350245,361,0.053096256,21,8
0,5,0.782592164,3,10,0.14848589,214,0.125553467,19,7
0,0,0.832298814,3,2,0.027684741,90,0.055082064,18,7
0,3,0.413650614,2,6,0.048231291,193,0.085054889,14,7
0,9,0.735895074,2,10,0.103720673,246,0.142237307,21,7
0,7,0.230817994,3,4,0.028969086,93,0.101912597,13,8
0,1,0.573676044,2,4,0.070265501,490,0.106017385,19,7
0,3,0.291921245,3,7,0.027592435,143,0.109284136,28,6
0,5,0.434635512,3,8,0.102686678,231,0.115081892,13,7
0,1,0.576627907,3,2,0.020741081,184,0.046049242,19,7
1,9,1.388356453,2,12,0.124412124,622,0.195717883,27,8
1,7,0.956674867,2,6,0.05842321,273,0.114667068,25,8
0,4,0.523376804,1,12,0.057483131,468,0.093862115,24,8
0,8,0.391969051,1,10,0.103714753,477,0.162735636,34,8
0,3,0.705852623,2,2,0.029424249,416,0.129518891,21,7
1,5,1.176525565,2,16,0.069991441,328,0.180967766,22,8
1,5,0.64505047,2,4,0.086183253,570,0.194448982,19,8
0,3,1.411424595,2,11,0.047614308,559,0.186835764,21,7
0,9,0.46304936,2,18,0.043562467,362,0.094688639,19,7
0,8,0.801694357,2,8,0.069842424,203,0.116606424,25,7
0,1,0.620437896,3,3,0.025447459,452,0.06427605,13,7
1,6,1.360129402,1,2,0.067097369,260,0.124319713,15,7
0,2,0.266844621,3,2,0.02950919,118,0.047101366,6,7
1,5,1.586529343,2,7,0.035277782,374,0.143280227,24,8
0,1,0.545693688,2,2,0.043208284,196,0.045344219,11,7
1,7,2.136240774,2,10,0.184244548,3021,0.157234429,27,8
0,9,0.682125845,1,14,0.13247245,1167,0.188791446,22,8
1,3,0.559494332,2,10,0.107726804,380,0.171432577,19,7
0,4,0.606440152,3,7,0.10143299,252,0.088159388,18,7
0,2,0.15159507,2,2,0.023572785,225,0.084219719,10,7
0,4,0.214668654,4,2,0.018216878,117,0.101096243,9,6
0,8,0.313161118,3,14,0.047582186,283,0.095584164,27,7
0,6,0.690735552,2,2,0.080928187,164,0.081027598,16,8
0,2,0.358313444,2,2,0.078478373,172,0.051667957,13,7
0,1,0.245158094,3,2,0.0305212,216,0.176376989,12,7
1,7,0.476845068,2,2,0.082296591,385,0.199058448,23,7
0,8,0.914352914,2,14,0.132324103,196,0.17017688,19,7
1,7,1.004341557,2,2,0.035006138,441,0.126623291,24,7
1,7,0.484079309,3,2,0.063951128,790,0.16496758,27,7
0,6,0.420567558,2,2,0.035454496,208,0.151232085,25,7
0,4,1.573677072,3,2,0.040311207,304,0.093411205,15,7
0,0,0.161196458,3,2,0.04773271,168,0.070581499,16,7
0,0,0.330798768,2,5,0.052723368,95,0.080038636,16,7
0,3,0.385429018,3,6,0.070203176,232,0.125388659,14,7
1,5,1.493792481,2,2,0.061270862,976,0.177361244,23,8
0,4,0.303380544,2,2,0.037689888,182,0.10118433,18,7
0,4,0.429920513,2,4,0.037272606,82,0.080751559,14,7
1,6,0.50333391,2,11,0.075022512,689,0.107429185,23,8
0,5,0.590906282,3,2,0.027075074,158,0.076321156,16,7
1,9,0.849338424,2,11,0.115415783,466,0.189804445,24,7
0,8,0.444151819,2,7,0.066763985,614,0.116176063,22,7
1,5,0.781708632,1,8,0.172545522,352,0.180597528,30,8
0,1,0.402379732,2,2,0.039814639,177,0.076144767,13,7
0,7,1.51712644,2,4,0.07064114,487,0.191922459,19,7
1,0,0.276214926,4,2,0.039758601,143,0.0643685,7,7
0,4,0.136714291,2,2,0.045683741,162,0.085674612,20,7
0,0,0.403149541,2,6,0.030701134,294,0.142033022,24,7
1,3,0.564086648,1,10,0.102583572,321,0.119581301,24,7
0,5,1.008698308,2,3,0.044494837,194,0.115870049,26,7
1,0,0.412478882,1,6,0.074057711,554,0.117470366,20,7
0,6,0.246554989,2,2,0.04489432,209,0.088305141,21,8
0,3,1.470695746,2,10,0.034706433,119,0.149409355,24,7
0,8,0.69521815,1,6,0.082409549,833,0.150782672,24,7
0,2,1.28044408,2,16,0.04204865,166,0.112361161,26,7
0,7,0.701041394,1,7,0.133349925,134,0.062877436,24,7
0,2,0.83051344,3,7,0.06073413,387,0.070286186,23,8
0,0,0.369373699,2,2,0.040835402,505,0.081834291,12,8
1,3,0.878490449,2,4,0.143212548,498,0.129053522,29,7
0,0,0.301599085,2,2,0.057465166,293,0.104040697,18,7
0,1,0.518465003,2,2,0.089051456,141,0.173470748,19,7
0,5,0.966667835,2,12,0.097401759,353,0.139332411,23,8
0,9,0.658799056,2,4,0.071989054,250,0.090995188,17,7
0,6,0.433128651,3,3,0.033215301,327,0.100696369,21,7
1,8,1.254792702,2,13,0.059786565,502,0.108814208,31,8
0,7,0.887180404,2,16,0.065080209,241,0.106349018,23,8
0,9,0.946938384,2,2,0.094285323,337,0.072303704,14,7
0,2,0.24085079,2,2,0.028535941,117,0.053229228,16,7
1,0,0.451548212,2,18,0.116902056,155,0.176820214,22,7
0,4,0.289872244,3,5,0.01877057,140,0.084385832,16,6
1,9,0.634888496,2,16,0.170168032,806,0.182250888,25,8
0,2,0.169159346,2,5,0.043008945,231,0.054238652,19,7
1,2,0.618234829,2,7,0.04800943,365,0.1671538,19,8
0,7,1.010576179,2,13,0.069440953,549,0.127285891,25,7
0,7,0.62089239,2,10,0.038233714,213,0.145411718,23,8
0,7,1.305411921,1,4,0.040700277,171,0.148761434,21,7
0,4,0.660083162,2,2,0.034176286,255,0.12804139,13,7
0,8,0.228288728,2,2,0.015656014,142,0.062233085,8,7
1,9,0.40492754,3,3,0.070778121,374,0.094402919,25,7
1,1,0.53582618,1,9,0.087876936,555,0.144504312,23,7
1,8,0.563790525,2,2,0.11792433,257,0.130775013,16,8
0,3,0.560521625,2,2,0.071650981,215,0.062703707,21,8
0,3,0.694902396,2,2,0.053271728,218,0.133992509,20,7
0,9,0.885403138,1,4,0.043064281,278,0.117946073,17,7
0,6,0.220526215,2,8,0.114888984,396,0.192013476,19,8
0,1,0.719204393,2,2,0.058568563,229,0.110283669,25,7
0,7,0.478159563,2,4,0.103819888,301,0.085854398,21,7
0,3,0.52308421,2,2,0.028824573,425,0.068220333,23,7
1,0,0.307677531,3,2,0.056403437,302,0.084306249,16,7
1,4,0.836782487,2,15,0.079805557,682,0.119241344,20,8
0,1,0.986619736,2,12,0.134948427,574,0.126953166,19,7
0,4,0.390060015,2,2,0.029874937,200,0.143563908,23,7
0,5,0.436367807,2,2,0.037027033,329,0.130211839,15,7
0,5,1.028524323,2,3,0.056237292,94,0.064543326,18,7
0,8,0.790199431,1,4,0.124494701,556,0.130442763,23,8
0,5,0.484784964,2,2,0.036080732,239,0.021605606,11,7
0,4,0.861728674,2,3,0.041844756,317,0.128201057,19,7
0,9,0.849660586,3,5,0.050254829,151,0.094327978,17,7
0,9,1.051259678,2,8,0.072217375,406,0.159339919,21,8
1,6,0.858604364,1,16,0.0819185,270,0.154199083,19,8
0,7,0.982800608,1,11,0.191294663,325,0.114920011,13,8
0,7,0.748164709,2,7,0.071527132,255,0.088769238,18,8
0,0,0.582835561,3,2,0.067120716,247,0.12460876,17,7
1,9,0.853214268,2,14,0.13979151,544,0.140193913,24,8
0,1,0.849044176,3,2,0.026123931,118,0.062972887,14,7
0,6,0.193666763,3,6,0.023469045,170,0.09337777,11,7
0,7,0.970891384,2,12,0.278728298,707,0.129273129,30,8
0,7,0.553394217,1,6,0.103072683,447,0.100532228,27,8
1,3,1.690250815,1,5,0.044510565,373,0.066223975,26,7
0,4,0.687320482,2,6,0.061702271,230,0.115143779,22,7
0,5,0.660466008,1,17,0.057351941,217,0.153555915,28,8
0,4,0.333255369,2,2,0.016589391,223,0.089548435,12,7
0,6,0.622441519,1,19,0.12177282,414,0.198843954,26,8
1,9,0.903331907,2,6,0.08819116,507,0.159693464,22,7
1,4,0.777265943,2,2,0.060571814,619,0.187072578,24,7
0,2,0.537355054,2,6,0.057240372,560,0.116658926,16,7
0,7,0.678633693,2,10,0.087008311,242,0.06933779,15,6
0,8,0.753028175,2,10,0.082423669,227,0.079373298,24,8
0,6,0.670152336,3,5,0.049764753,180,0.096178953,14,7
0,3,0.472615898,2,5,0.09535252,440,0.191102285,25,7
0,2,0.548984301,2,10,0.041997525,418,0.126657616,23,7
0,3,0.384974429,3,2,0.048996472,134,0.059941399,5,6
0,6,2.120472072,3,8,0.06577437,1120,0.194511031,20,8
0,5,0.684931578,2,2,0.04019153,371,0.117883892,21,7
0,5,1.083194626,2,2,0.087802975,523,0.135684244,17,8
1,5,0.930780553,1,7,0.109661284,1052,0.08818387,18,8
0,5,0.259032363,3,9,0.028028496,489,0.06226291,12,7
0,2,0.246496119,2,2,0.034411949,176,0.065609568,21,7
0,5,0.359581846,2,2,0.057597105,276,0.097585089,22,7
1,9,0.563167782,2,5,0.122403855,478,0.079541872,25,8
0,9,0.465564061,1,4,0.049181241,336,0.117921365,23,7
0,0,0.254722373,3,2,0.033739186,324,0.090904154,8,7
0,8,0.557184115,1,5,0.071870105,366,0.14527109,21,8
0,1,0.198316427,3,11,0.031370953,371,0.056077958,13,7
1,5,0.792579724,2,4,0.052567823,200,0.163015347,26,8
0,6,0.499672608,2,2,0.04079167,511,0.067074287,25,8
0,5,0.871529601,1,10,0.09958614,735,0.097244923,25,7
0,2,0.32258026,1,12,0.067974619,595,0.11337793,16,8
0,3,0.88048495,2,9,0.039919246,459,0.072894663,16,8
1,9,0.892319482,1,12,0.092272127,1051,0.169449217,18,7
1,6,0.596352397,1,11,0.051091815,401,0.087312608,21,7
0,5,1.051023877,2,2,0.050751212,548,0.129389993,26,8
0,9,0.85788372,2,3,0.06370628,503,0.076842885,27,7
0,4,0.738399208,1,15,0.06185037,1112,0.193889046,27,7
0,2,0.323564182,3,2,0.034583342,237,0.054487277,19,7
0,1,0.624531724,2,2,0.035936171,257,0.115518567,16,7
0,0,0.89231554,3,10,0.042349645,525,0.071244503,14,7
1,4,2.227356676,2,2,0.065518884,382,0.079505058,17,8
0,9,0.408589683,3,5,0.115596838,472,0.101928994,24,7
1,8,2.220275413,1,5,0.23489302,589,0.154819791,30,8
0,2,0.399980311,2,6,0.071722842,278,0.144624002,20,7
0,0,0.346018399,3,3,0.039664001,206,0.069110496,6,7
1,7,0.463879601,2,14,0.08377267,237,0.160082514,20,8
0,3,0.590429674,3,2,0.032514691,122,0.067926387,16,7
1,6,0.802147365,1,19,0.648430942,765,0.074173227,24,7
1,5,0.620495493,1,3,0.152940208,330,0.191430558,28,7
0,6,0.495972824,2,5,0.035811451,347,0.088017928,15,8
0,4,0.831323929,3,2,0.032611769,188,0.103931835,14,8
1,4,0.48424416,1,13,0.12996424,196,0.176271467,26,8
0,2,0.667520624,2,2,0.031952708,324,0.13678418,21,7
1,3,1.118395728,1,16,0.109526139,482,0.190036054,29,8
1,6,0.436183172,2,9,0.119477093,326,0.070132732,19,8
1,3,1.155455936,2,3,0.129969275,135,0.115458654,27,8
0,2,0.352992072,3,9,0.01286194,172,0.092801939,13,7
0,0,0.331395102,2,4,0.060268232,123,0.078288213,13,6
0,5,1.047061939,2,3,0.031674518,641,0.10209517,19,7
0,4,0.405241336,3,2,0.043784787,138,0.054716511,15,7
0,0,0.649769493,2,2,0.094553651,349,0.056551655,20,7
0,9,0.551430208,2,5,0.045254033,293,0.123654751,17,8
0,4,0.859157404,2,5,0.091383735,297,0.151991656,24,7
0,3,0.313237027,3,10,0.087942,232,0.126055692,24,7
0,3,0.380154201,2,3,0.020809252,373,0.138969844,17,7
0,6,0.84706824,3,7,0.113431899,236,0.1141968,24,7
1,7,1.661302551,2,9,0.053406584,283,0.165541157,20,7
0,9,0.964653742,1,13,0.091630445,330,0.192403356,17,8
0,3,0.27491258,3,2,0.023353144,118,0.139903486,8,7
0,0,0.745379112,2,2,0.041412808,268,0.051586246,19,7
0,2,0.729180013,3,7,0.067841114,632,0.102885572,18,8
1,9,0.573551514,1,6,0.045132544,176,0.081428649,16,7
0,8,1.14865465,1,9,0.200022602,896,0.145970224,28,8
0,0,0.630218185,3,2,0.016711034,160,0.0681805,19,7
0,9,0.506977623,2,3,0.12435415,559,0.149662762,15,8
0,0,0.462691447,2,12,0.050640013,485,0.130133958,11,8
1,9,0.557699001,1,3,0.043346234,122,0.109112608,22,7
0,3,0.519013691,3,2,0.08646121,84,0.110828592,8,7
0,4,0.386298719,2,2,0.029679024,217,0.164053288,19,7
0,0,0.448219191,3,2,0.019788716,120,0.036616823,16,7
0,3,0.541439222,2,2,0.077465525,169,0.082127954,15,7
0,7,0.31583512,2,2,0.070824607,267,0.102774218,14,7
1,9,0.975142916,2,16,0.137286265,423,0.183851788,23,7
0,3,0.488783104,3,8,0.154256275,451,0.142066868,16,8
0,2,0.725717564,2,2,0.062436916,318,0.082660217,24,7
0,0,0.138250085,2,2,0.047426116,106,0.029903462,21,7
0,0,0.558264914,2,11,0.049887486,256,0.074420175,16,7
1,6,0.762072237,2,4,0.103000451,504,0.06501352,23,7
0,1,0.385340452,3,2,0.038177941,218,0.152859562,13,7
0,5,0.686299441,2,3,0.070526883,233,0.147337597,18,7
0,1,0.609949514,1,2,0.057576518,515,0.106111149,18,7
0,2,0.193066356,2,6,0.02202068,217,0.167814229,11,7
0,9,0.402163597,3,2,0.059007235,280,0.126070225,20,7
0,4,0.496940285,3,4,0.039704656,299,0.097749102,24,7
0,7,0.586948121,2,2,0.043831842,110,0.12115562,21,8
0,3,0.182480242,2,2,0.037092031,480,0.082148135,9,7
1,0,0.61423818,1,8,0.049536447,447,0.142615051,17,7
0,4,0.35705244,2,2,0.052422268,217,0.065292661,16,7
0,7,0.330638161,2,2,0.032474356,185,0.138123531,15,8
0,2,0.251668873,3,2,0.016175175,68,0.051698305,5,7
0,6,0.306802104,3,2,0.046478735,99,0.119416457,26,8
0,4,1.007474836,2,5,0.109920694,364,0.135854396,28,8
0,8,0.486028627,3,2,0.026838586,71,0.093959648,8,7
0,8,0.448749848,2,5,0.052860329,214,0.127567469,20,7
0,7,0.809483494,2,4,0.10244844,754,0.064814344,25,7
1,6,1.3187084,1,11,0.213870243,433,0.184911878,21,8
0,2,0.395214131,2,9,0.040641335,319,0.095036372,21,7
0,0,0.346366108,2,2,0.078076578,218,0.051727168,16,7
0,5,0.425176169,2,2,0.036971416,229,0.03544258,14,8
0,9,0.547562883,1,14,0.085018817,887,0.113988872,31,7
0,5,0.159378458,3,2,0.017733871,145,0.124417887,15,6
0,5,0.648273322,1,3,0.127369397,309,0.096699765,18,8
0,9,1.338628915,1,5,0.019335903,293,0.124198753,21,7
0,1,0.335696472,3,2,0.039620669,640,0.04256037,15,6
0,7,1.595425368,2,4,0.046615792,409,0.06077827,21,7
0,0,0.563996064,2,6,0.176046257,788,0.053658541,23,8
0,0,0.700909488,2,10,0.066065595,384,0.171340606,22,7
0,7,1.798553906,1,14,0.107945564,636,0.16161879,35,8
0,5,0.892786797,1,2,0.079092979,522,0.109814259,30,8
0,7,1.139717633,2,7,0.08821794,326,0.141632745,11,7
0,7,0.262528654,2,5,0.092911268,218,0.17665438,16,8
1,6,0.806399465,1,7,0.104570542,717,0.199903244,24,8
0,1,0.760106069,1,11,0.050060912,641,0.160506978,21,7
1,4,0.954877765,2,5,0.104195182,576,0.115339588,16,7
0,6,0.697168226,2,6,0.092065117,295,0.086625408,25,7
0,7,0.210576839,3,3,0.034354084,214,0.073973555,12,6
0,6,0.698433653,3,2,0.072608872,340,0.093326524,16,8
0,8,0.436900378,2,5,0.086970151,268,0.111746753,23,7
0,5,1.350293254,3,7,0.035868307,277,0.144340044,19,7
0,8,0.404884078,2,8,0.132672209,213,0.105126362,15,7
0,9,0.220175211,2,2,0.024106057,365,0.048899527,18,7
0,2,0.232218172,2,2,0.02312452,295,0.09026163,18,7
1,8,0.458926689,1,2,0.05637474,316,0.083950922,18,8
0,6,1.335477107,2,5,0.056234211,270,0.073134684,15,8
0,4,0.656449136,3,5,0.051972005,440,0.138651342,21,8
1,9,1.192602355,2,11,0.110100762,849,0.153222149,28,8
0,3,0.549918929,2,12,0.116702538,730,0.169569347,23,8
0,9,0.600435952,2,2,0.023407862,163,0.082794247,13,7
0,5,0.666894904,3,5,0.063952453,523,0.162073861,16,7
1,6,1.297754566,1,6,0.13957964,770,0.173390101,27,9
0,0,0.520119924,1,16,0.049523443,628,0.094821917,19,7
0,6,0.770282414,2,2,0.110935536,229,0.167966801,17,7
0,4,1.676145667,1,10,0.048924564,527,0.192900772,19,8
1,8,0.602590663,2,8,0.072863037,330,0.161077361,29,7
0,6,1.140456813,2,8,0.033034007,238,0.069563246,22,8
1,7,0.947116473,2,4,0.090177623,1048,0.141251733,22,7
0,6,0.394224339,2,8,0.063436813,554,0.088212221,14,7
0,1,0.808231133,2,9,0.042994332,186,0.070944693,18,7
0,5,0.787988179,3,12,0.095030489,269,0.143008367,21,8
0,1,0.27343786,2,2,0.04122675,168,0.079973372,15,7
0,5,0.509086206,2,12,0.089020903,229,0.126753893,26,8
0,4,0.660966351,2,2,0.047529704,657,0.101206987,15,7
1,2,0.670513543,2,5,0.04637768,480,0.15939319,18,8
0,5,0.922856491,2,3,0.021904733,298,0.112472895,14,7
1,6,0.424796284,2,12,0.084790138,1163,0.152468653,21,7
0,9,0.496968134,2,2,0.081034466,431,0.110041317,14,7
0,1,0.258341453,3,2,0.06019927,214,0.129888202,20,7
0,7,0.47752743,2,2,0.03369815,348,0.141420478,25,7
0,3,0.31841963,2,4,0.032114218,283,0.08556165,19,7
0,5,0.356211748,2,2,0.029298831,85,0.055670035,17,7
0,6,0.524504881,2,2,0.069779402,249,0.122308712,27,7
0,0,0.699343755,2,6,0.102840046,235,0.065168063,20,8
0,9,0.676273091,2,2,0.135053875,312,0.196033939,24,7
0,2,0.666094407,3,2,0.068178775,239,0.122085626,9,7
1,0,0.58827196,2,2,0.017431159,231,0.096694522,22,8
0,1,0.509378932,3,3,0.028819657,340,0.069406505,20,8
0,0,0.212749407,3,2,0.059352547,472,0.087514866,14,7
0,9,0.958521638,2,16,0.100796299,420,0.198684279,15,7
0,5,0.273483587,2,6,0.062483205,324,0.16227099,23,7
0,2,1.36101015,1,5,0.110834333,396,0.196857125,24,8
0,4,1.114847867,2,3,0.063701882,142,0.075290477,18,7
1,5,1.117559225,2,2,0.09678086,236,0.117544708,25,7
0,0,0.369507081,2,2,0.050996637,206,0.163376938,17,7
1,8,1.318197749,1,10,0.166989771,749,0.173158596,24,7
0,0,0.578441196,3,6,0.052179507,377,0.091445531,15,7
1,3,1.75884157,2,2,0.084493029,227,0.101645005,15,7
0,1,0.239053884,3,2,0.021096035,172,0.059669043,6,6
0,6,0.552173659,2,7,0.085702066,534,0.143237988,28,8
1,3,0.850902573,2,3,0.068739268,364,0.187886982,15,7
0,4,0.684327892,3,4,0.031799951,150,0.061132689,18,7
0,6,1.047484326,2,4,0.151945337,261,0.164788163,36,7
0,1,0.401517244,2,2,0.016647699,135,0.03932313,14,7
0,9,1.545199432,2,2,0.161651084,284,0.106399938,22,8
0,9,1.733255527,2,9,0.056537983,497,0.167688391,22,8
0,0,0.702728082,3,2,0.039257623,208,0.056476073,12,7
0,2,0.72272418,2,5,0.063367312,244,0.075648372,14,7
0,7,0.720709438,1,2,0.139908353,325,0.060645067,27,8
0,4,0.177210788,3,2,0.028573683,132,0.074005434,9,7
0,3,0.750190514,2,7,0.075189342,302,0.149319985,23,7
0,3,0.553859135,1,2,0.050221793,253,0.040736433,18,7
0,9,0.68804255,2,5,0.028628611,215,0.092737007,22,7
1,8,1.368873232,1,4,0.104912744,487,0.137795937,30,7
0,8,0.527064047,3,3,0.027142607,224,0.050454891,10,7
0,2,0.896487072,2,5,0.076724418,565,0.108561151,13,7
0,2,0.624231795,2,6,0.112834564,539,0.102664038,13,8
0,3,0.734723876,1,9,0.038297065,302,0.084984139,15,8
0,3,0.52207896,3,2,0.065323806,432,0.095444206,20,7
0,6,0.262321598,1,14,0.066934253,346,0.14002653,19,8
0,7,1.271187827,2,7,0.119599111,328,0.17185069,24,8
0,8,0.311311514,2,2,0.052235344,171,0.145395024,24,7
0,7,1.328621086,2,10,0.03620545,219,0.073949833,17,7
0,3,1.051368274,2,2,0.055159175,205,0.066963547,20,7
0,2,0.595837739,1,8,0.050359507,443,0.095351334,15,7
0,5,0.360952208,3,2,0.029954542,194,0.073811188,23,7
0,2,0.285047988,3,2,0.025976185,143,0.102913573,11,7
0,7,0.46057244,2,2,0.054416543,212,0.095017884,18,7
0,4,0.716584879,2,2,0.043752814,96,0.045345107,12,7
0,6,1.096262927,2,8,0.166696009,312,0.173285485,24,8
0,3,1.189835294,2,6,0.042487919,585,0.154392236,22,7
0,1,0.338658875,3,2,0.028279187,141,0.038059727,9,7
1,7,0.57086458,2,2,0.036508625,345,0.075150215,18,8
1,8,0.92345791,2,10,0.138274614,576,0.087048584,21,8
1,8,0.935684821,2,20,0.08458461,172,0.09956367,19,7
0,5,0.397985863,2,3,0.030926374,243,0.106195507,17,7
0,3,0.571161498,2,9,0.042923691,137,0.14655155,12,7
0,0,0.294493513,1,4,0.035332173,332,0.047146641,11,7
0,0,0.600049407,3,2,0.023869553,103,0.059161186,11,7
0,9,0.711479158,2,2,0.078631965,318,0.176041955,31,7
0,6,0.596064283,2,5,0.056249895,232,0.110860862,26,7
0,2,0.403219634,3,5,0.057012118,231,0.061351762,16,7
0,7,0.616958654,2,6,0.10297969,183,0.140661496,25,7
0,5,0.750866064,2,13,0.100567677,427,0.169157604,27,7
1,6,1.22798317,2,9,0.248076641,604,0.148767874,22,7
0,6,1.084401258,1,8,0.088322907,500,0.101418397,21,7
1,4,0.627078139,2,13,0.066012622,267,0.097151483,20,7
0,6,1.065816546,2,7,0.100273981,494,0.164297352,23,7
1,9,1.03349921,2,12,0.1707593,229,0.137517561,23,7
0,7,1.008654411,2,4,0.123747468,627,0.156143461,31,7
0,3,0.305141177,2,2,0.042550557,150,0.146574176,13,7
0,4,0.73077993,1,18,0.072638033,370,0.162081287,25,7
0,7,0.39060174,2,5,0.035271935,212,0.081727154,18,7
1,3,0.640235714,1,9,0.050065039,222,0.170479089,20,7
0,9,0.42926002,2,11,0.048748703,325,0.100690378,24,7
1,7,1.103509239,1,17,0.111033146,393,0.125084075,24,8
0,6,1.271976819,2,10,0.083336239,450,0.146186308,23,8
1,3,0.789752548,2,6,0.090440469,846,0.10183031,30,8
0,6,0.58369287,3,2,0.076988318,347,0.085404405,18,7
0,0,0.289644323,2,5,0.031533553,261,0.065055812,9,6
0,1,0.256972823,3,2,0.017513302,152,0.025477061,15,7
0,5,0.980071873,2,7,0.031598452,93,0.072985023,24,7
0,2,0.482995558,3,2,0.065537371,258,0.16632168,21,7
0,0,0.464143098,2,6,0.086531596,333,0.097855572,16,7
0,4,0.417127052,2,11,0.114419689,199,0.11902324,29,7
1,7,1.322698539,2,8,0.033492722,712,0.19770914,9,8
0,2,0.441481092,3,2,0.046451675,149,0.068581127,13,7
0,2,0.710426628,2,2,0.036116948,251,0.162648921,17,7
0,4,0.577546598,2,2,0.091309505,193,0.1312374,22,7
0,8,1.000562639,2,10,0.112095432,943,0.142184821,24,8
0,7,2.028778572,1,10,0.107589754,669,0.135347773,31,8
0,1,0.370521092,2,2,0.028772833,201,0.080474961,8,7
0,1,0.454024457,2,2,0.010035779,217,0.082185778,10,6
0,2,0.716967251,2,2,0.033099199,331,0.05737877,14,8
0,3,0.499730257,2,5,0.144806808,232,0.095305744,15,8
0,1,0.471755758,2,2,0.021435082,140,0.090491789,22,7
0,4,0.518143741,2,2,0.03106123,303,0.095039512,15,7
0,3,0.695028833,3,2,0.022900868,315,0.071399432,13,7
0,0,0.821011704,3,14,0.026131821,234,0.152445328,25,7
0,2,1.33665302,2,4,0.072465937,531,0.067986265,21,7
1,4,0.57361693,2,17,0.097108856,541,0.185477502,28,7
0,9,0.932113169,2,10,0.160529487,316,0.14564066,25,8
0,1,0.976852573,3,2,0.030774429,127,0.126444445,16,7
0,4,0.380856967,2,2,0.033126572,240,0.075105758,11,7
0,6,0.614047777,2,5,0.101785566,669,0.090538088,29,8
0,1,0.398607568,2,4,0.180010716,413,0.11732054,21,8
0,6,0.659634382,3,3,0.057333635,323,0.056787101,21,7
0,0,0.271294831,3,2,0.029368322,340,0.048113101,14,6
0,3,0.627620854,1,2,0.107725242,372,0.1014617,21,8
0,7,0.977461401,2,8,0.079695406,247,0.043140373,19,7
0,4,0.516404058,3,9,0.041780848,151,0.097887115,15,7
0,8,0.512931779,3,5,0.058693038,470,0.087365233,22,7
0,6,0.326329753,2,16,0.097787109,241,0.100814255,30,7
0,1,0.403695569,3,2,0.034711888,321,0.105801274,9,7
0,7,0.559742986,2,5,0.027409532,143,0.059910753,13,7
0,9,1.757691202,2,2,0.064829327,459,0.088217741,19,8
0,1,0.368758461,2,10,0.059001593,417,0.184984747,23,7
0,3,0.508503672,2,2,0.039399378,354,0.087029005,14,7
0,0,0.983671504,1,4,0.060892887,176,0.15739096,20,8
0,2,0.521435701,2,2,0.05892838,179,0.081516604,10,7
0,7,0.71273132,2,2,0.027255286,678,0.057178935,14,7
0,8,0.35612894,2,6,0.040184659,176,0.057815229,25,7
0,5,0.443357268,3,2,0.096429346,101,0.114713582,14,7
0,9,0.587943653,2,2,0.033259598,322,0.157460005,17,7
0,2,0.437582805,2,2,0.016818334,121,0.09230674,11,7
0,6,0.361207163,3,2,0.058784305,481,0.055912826,9,7
0,3,0.774898168,2,2,0.049305833,165,0.096412646,19,7
0,4,0.594845333,2,2,0.059151764,330,0.076646704,17,7
1,5,1.343975985,2,9,0.103336244,374,0.16375973,31,8
0,0,0.289844624,3,2,0.039701321,180,0.114262191,12,6
1,0,1.045305106,1,2,0.027798438,169,0.111759055,25,7
0,9,1.584537202,2,8,0.091676514,356,0.098909905,13,7
0,7,1.091776488,2,7,0.076994747,219,0.080211491,16,7
0,1,0.242627824,2,2,0.051691507,128,0.076187228,28,7
0,6,1.430817866,2,7,0.104829147,303,0.108230213,20,7
1,7,1.574616668,2,12,0.026811651,501,0.161851881,20,8
0,9,0.885167805,1,10,0.050247575,493,0.154027328,19,7
0,2,0.533740814,1,2,0.075771001,245,0.13225174,27,7
1,8,0.409876405,1,9,0.082599157,243,0.127285529,26,8
0,3,2.677548181,1,10,0.159514021,552,0.19394711,24,8
0,0,2.07902765,1,4,0.045052294,257,0.101404403,27,7
0,2,0.403466877,3,3,0.055132786,156,0.121027215,8,6
0,3,0.885179007,1,3,0.044065331,275,0.107984659,23,7
0,6,0.775894723,3,3,0.038903579,307,0.126198546,14,7
0,1,0.155586704,3,2,0.021020694,265,0.065239031,11,7
0,6,0.654615472,1,9,0.084787219,758,0.128739044,18,8
0,9,2.077525708,1,2,0.15442833,601,0.111123312,30,9
0,0,0.147058081,3,2,0.060962962,112,0.09726019,8,6
0,5,0.681357341,3,10,0.063798749,371,0.099528436,18,7
0,4,0.540177907,3,4,0.024913202,162,0.074798333,19,7
0,0,0.577994186,2,3,0.031243655,369,0.071302008,20,8
0,3,0.67139532,2,5,0.069368766,353,0.090092351,10,7
1,3,0.258735899,2,2,0.068744701,626,0.078504977,12,7
1,3,0.73922431,2,4,0.038900925,277,0.061876006,17,7
0,4,0.871910999,1,5,0.090887658,305,0.079861548,25,7
1,0,0.789858677,1,6,0.048374952,759,0.098407441,24,8
0,4,0.496536054,3,2,0.051234967,149,0.131268067,18,7
0,7,1.172121502,2,6,0.090504482,397,0.138452478,17,8
0,4,0.907959989,3,2,0.051862834,256,0.120840757,16,7
0,3,0.41235581,2,2,0.042684626,127,0.071223224,13,7
0,1,0.281784442,2,2,0.057092017,295,0.098954726,17,8
0,1,0.287250337,3,2,0.024243125,72,0.047249854,5,7
0,2,0.649075493,1,4,0.073463547,129,0.10977833,19,7
0,6,0.28869494,3,2,0.059705508,344,0.076835967,11,7
0,7,1.294371191,1,6,0.122229993,220,0.145046155,23,8
0,4,0.292402032,2,10,0.029355847,372,0.143499591,19,7
0,5,0.41720665,3,8,0.046117216,145,0.068464622,14,7
0,2,0.36820171,3,11,0.042007955,249,0.081917858,8,7
0,3,0.527517505,2,2,0.084984825,70,0.158660117,17,7
0,4,0.467231318,2,5,0.064676028,137,0.081627667,22,7
0,4,0.373864372,2,6,0.027775784,457,0.08931944,17,7
0,6,2.360846332,1,4,0.048931858,678,0.103292819,25,7
0,0,0.938436423,2,2,0.109271989,651,0.169925898,14,8
0,6,0.603503949,2,10,0.057398093,618,0.075616457,22,7
0,6,0.222836534,2,2,0.054944184,148,0.050107653,15,7
0,4,0.751537423,2,2,0.090309692,145,0.092051894,17,7
0,5,1.007021536,2,5,0.066167941,182,0.066125997,23,7
1,3,0.907852286,2,11,0.052284879,415,0.115903809,27,8
0,6,0.982974181,2,2,0.038736668,471,0.080613771,23,8
0,1,0.40424321,2,2,0.083165931,436,0.178747011,21,7
0,7,0.874783299,2,4,0.065556298,497,0.145122693,31,8
0,7,0.353042113,1,10,0.04581295,158,0.129071945,18,8
0,6,0.249350431,2,2,0.03373331,111,0.031166533,12,7
0,5,0.406592526,3,2,0.05078862,139,0.045550203,20,7
1,6,1.017971859,2,7,0.101362349,333,0.111895193,33,8
0,8,0.251268637,2,2,0.04854387,224,0.116604466,15,7
0,3,0.336357008,2,7,0.05977115,236,0.130080198,29,7
0,2,0.298599971,2,2,0.051914836,176,0.085679897,14,7
0,5,0.92944865,2,2,0.050205856,243,0.139427242,21,7
0,9,0.777859107,2,2,0.04183579,449,0.162042861,22,8
0,7,0.506586167,2,11,0.068111191,541,0.118950777,19,7
0,5,0.570542522,2,3,0.078013289,129,0.090379907,20,8
0,9,0.927709309,2,9,0.062058783,860,0.19165752,24,7
0,8,0.516278905,2,7,0.195302163,1057,0.08971945,23,8
0,2,0.750545731,3,2,0.046533685,212,0.090961974,16,7
0,6,0.716899196,2,2,0.050415302,564,0.075071288,23,7
1,9,0.717582589,1,18,0.149964953,904,0.192459763,13,8
0,6,0.610646236,2,5,0.030463411,390,0.110644132,25,8
0,4,1.559232734,1,12,0.152408132,1471,0.161464409,24,8
1,6,0.900676357,1,3,0.137725254,713,0.120272822,32,8
0,8,0.339795266,3,2,0.044095914,264,0.095109478,3,7
0,5,0.790317709,2,2,0.031746017,455,0.199274606,20,7
0,4,0.597611244,3,2,0.043168507,104,0.042495898,12,8
0,7,0.51610051,1,2,0.047621694,246,0.154443422,13,7
1,5,1.007582329,2,10,0.145201479,729,0.122906126,26,7
0,5,0.463344043,2,2,0.03401319,127,0.051257712,6,7
0,4,0.420159062,2,7,0.069474492,167,0.065598865,24,7
0,1,0.491453303,2,6,0.073691905,530,0.185879982,19,8
0,0,0.836639713,3,2,0.062141551,259,0.079421551,21,7
0,6,0.433054278,2,4,0.040499599,231,0.062042678,12,7
0,0,0.581717499,2,2,0.040438576,175,0.113705076,19,7
0,7,0.371124715,2,6,0.055348953,716,0.182890112,17,7
1,9,1.025786853,1,13,0.191055167,940,0.188486801,26,8
0,5,0.835414807,1,16,0.189447737,478,0.082517463,30,7
0,6,0.716914715,2,3,0.074776962,134,0.108371073,28,8
0,1,0.217792292,2,2,0.025655134,132,0.086897834,14,7
0,1,0.739581663,1,7,0.08787984,343,0.106303667,18,8
1,6,1.161677527,1,12,0.156771171,334,0.172957627,23,8
0,8,0.578040366,2,10,0.037651377,187,0.136064955,16,7
0,8,0.756884676,2,4,0.135669825,861,0.191375958,24,7
0,6,1.614500363,2,15,0.061268042,421,0.094509251,23,8
0,9,0.645066508,1,8,0.041534583,442,0.076141339,26,8
0,4,0.611377608,2,14,0.030105953,412,0.051386576,14,7
0,5,0.370490402,2,2,0.11217054,310,0.09024831,21,7
0,2,0.257358257,2,3,0.024645088,665,0.150221433,9,7
1,3,0.540518467,2,2,0.09197051,202,0.102794745,19,8
0,7,0.589975331,2,6,0.067513317,185,0.089271612,24,7
0,6,1.538253725,2,5,0.111294748,188,0.152206718,18,8
0,7,0.680246671,2,5,0.052354477,429,0.188123983,18,7
0,5,0.567356441,2,6,0.035402055,240,0.088364411,17,8
0,1,0.429006437,2,2,0.055596516,295,0.150189813,18,7
0,2,0.267949506,2,4,0.133171717,149,0.110059089,17,7
0,8,0.25793212,2,4,0.026635881,168,0.044756463,17,7
0,5,0.45616802,2,2,0.049602329,448,0.12012631,27,7
0,1,0.584089286,1,2,0.055560502,212,0.11924529,20,7
0,1,0.565323645,2,11,0.09470895,518,0.070704964,18,8
0,0,0.419617485,3,8,0.028732515,162,0.075758511,15,8
0,0,1.300369757,1,7,0.091756435,354,0.128154991,23,7
0,2,0.464317644,1,2,0.09494081,369,0.099262995,23,7
0,1,0.826048598,2,2,0.060759098,178,0.090801784,15,7
1,4,0.394649035,3,7,0.033511313,266,0.148387485,20,7
0,2,0.768933192,2,8,0.054480627,245,0.053244381,20,6
1,7,0.723776676,2,16,0.107573062,733,0.090699861,24,7
0,7,1.109051483,2,12,0.143368804,514,0.174474764,27,8
0,3,0.400971164,2,2,0.074143627,142,0.079497266,21,7
0,3,0.476112618,2,11,0.112244475,325,0.061152899,21,7
0,3,0.395335269,3,6,0.0529015,312,0.150353166,17,7
0,8,2.172662288,1,10,0.211734325,1305,0.153721289,15,8
0,7,0.88492615,1,18,0.056161773,898,0.107786943,20,8
1,8,0.544921204,1,7,0.158902946,277,0.084303601,16,8
0,1,0.738992736,2,8,0.053426038,260,0.113487841,21,7
0,1,0.344760087,4,2,0.085480988,202,0.106094881,10,7
0,6,0.339566998,2,2,0.052205936,284,0.072356738,10,7
0,2,0.661078565,3,2,0.021030477,115,0.080095554,19,8
0,5,0.50098982,2,2,0.068975396,238,0.090144611,17,7
0,7,0.984710682,2,13,0.072593982,214,0.135520119,14,7
1,0,1.279033622,2,4,0.0867217,670,0.104399357,23,7
0,9,0.579290781,2,6,0.156191682,447,0.152308383,20,7
0,7,0.653562429,3,2,0.089051815,143,0.040291783,20,7
1,4,0.615705375,1,3,0.038193029,156,0.194287665,18,8
0,1,0.736479859,2,12,0.102685061,422,0.157187852,15,7
0,6,0.585452248,2,7,0.053370127,260,0.050359686,14,8
0,4,0.916192678,2,2,0.070257909,992,0.080602102,19,7
0,2,0.513615034,2,5,0.102199886,335,0.041854434,16,7
0,0,0.319154804,3,2,0.023119555,146,0.089323929,9,7
0,9,0.571294961,2,5,0.057479359,197,0.09659139,18,7
0,7,0.486129323,2,10,0.064258388,309,0.190387526,24,8
0,3,2.08124306,2,6,0.046318516,833,0.060168944,18,7
0,7,1.460355576,2,17,0.163327726,885,0.133110532,24,8
1,6,0.913988289,1,9,0.14365076,320,0.095294511,23,7
0,8,0.720873447,3,3,0.052771805,383,0.128626154,20,7
0,5,0.650746011,2,2,0.056229777,262,0.177833834,26,8
0,8,0.971210352,2,4,0.043453252,631,0.103147796,19,7
1,5,1.3578117,2,11,0.088653061,647,0.181984655,21,7
0,5,0.93246317,2,7,0.06080032,488,0.196856454,13,7
1,6,1.442993709,2,9,0.059095823,371,0.170969252,22,8
0,0,1.649088805,2,5,0.05776901,414,0.19872974,21,7
0,0,0.638156216,2,2,0.085337837,374,0.151651409,21,8
0,1,0.514046186,2,2,0.046384458,259,0.049904469,10,7
0,3,0.735822485,1,2,0.105030888,529,0.184752811,24,8
0,4,1.767601422,1,11,0.078850353,479,0.139757254,19,7
0,8,0.433838707,2,2,0.083399202,496,0.143548818,20,7
0,6,0.914146622,2,18,0.061592034,791,0.186960843,30,8
1,5,0.156899336,3,2,0.060063379,329,0.03833737,24,7
0,6,0.610634715,3,2,0.023325426,363,0.075266024,15,8
0,3,0.392382833,2,2,0.060232898,422,0.133446162,19,7
0,5,1.172696997,2,6,0.084013415,365,0.1189615,26,7
0,7,0.735237636,1,13,0.224647635,382,0.079804116,23,8
0,1,0.697607916,1,3,0.081056465,292,0.193200273,15,8
1,2,0.704177417,1,9,0.075463374,288,0.090337403,19,8
0,5,0.546437091,1,4,0.047721144,424,0.107174589,13,7
0,0,0.259679532,2,8,0.028720224,203,0.128014675,8,7
0,1,0.169085004,2,6,0.04718599,299,0.089930124,16,7
0,4,0.35792949,1,2,0.059726951,136,0.137990816,15,7
1,2,1.034578206,2,18,0.134380433,220,0.130116166,21,7
0,6,0.957388326,1,11,0.094673424,612,0.188876238,28,8
0,7,0.293683037,2,2,0.046209917,170,0.062230644,19,7
0,2,0.242018406,2,11,0.078725754,384,0.130148165,15,7
1,5,2.211425575,1,14,0.177527858,1158,0.189358443,31,8
1,5,1.256847772,2,16,0.111558767,429,0.16612966,22,8
0,1,0.171213956,3,2,0.015125577,117,0.035617654,11,6
0,0,1.011056162,2,2,0.023594608,152,0.135878628,19,7
0,4,0.518114149,2,2,0.091079968,340,0.106785195,20,7
0,3,0.178357772,3,2,0.028478347,336,0.045365803,10,7
0,3,0.326929687,2,5,0.035530045,146,0.133046988,20,7
1,5,0.78889681,1,13,0.180402718,733,0.127140444,31,8
0,8,0.685709098,2,3,0.074706682,402,0.082070953,23,7
0,1,0.263908598,2,6,0.041927909,135,0.092967928,16,7
0,0,0.58686598,2,10,0.054517032,331,0.139888341,19,7
0,7,0.387349658,2,6,0.040649362,393,0.148414073,16,7
0,2,0.734297234,2,2,0.07199501,352,0.122559401,27,7
0,9,0.73501067,2,6,0.085975478,524,0.059258714,28,7
0,3,0.189453931,3,2,0.030482823,111,0.039337163,15,7
0,3,0.525098824,2,2,0.031057609,220,0.063626113,20,7
1,3,1.681103891,2,19,0.100160507,659,0.188476292,27,7
0,4,0.644273924,2,5,0.045766276,608,0.101582641,17,7
0,2,0.477708093,2,4,0.162317214,321,0.157922072,17,7
0,2,0.334891303,2,2,0.060096342,245,0.143680252,17,7
0,7,0.839820274,2,9,0.126766962,379,0.18258504,19,8
0,5,0.818452596,2,8,0.057338664,309,0.106510004,23,7
1,6,0.612838332,1,6,0.213641605,869,0.191926119,25,7
0,2,0.988257695,3,2,0.056064945,457,0.106642824,19,7
0,9,0.62213002,2,7,0.037895236,629,0.143402412,20,7
0,5,1.039042485,3,5,0.063701887,173,0.10661634,21,7
0,5,0.908456771,2,5,0.085325838,346,0.115514848,21,7
0,1,0.569927666,3,5,0.030971199,258,0.070205498,13,7
1,7,0.662970167,2,2,0.100447792,310,0.113353205,16,7
0,0,0.353887356,2,2,0.095949281,460,0.118381274,28,7
0,4,1.049720557,2,5,0.027341584,432,0.085723263,21,7
0,2,0.432501989,3,2,0.025067467,310,0.075194009,17,6
0,7,0.749789857,2,2,0.072621361,233,0.095987067,21,7
0,0,0.226751724,2,5,0.03848328,126,0.064565535,7,7
0,9,0.77362516,3,5,0.084892624,487,0.172787007,29,8
0,4,0.259829183,3,2,0.068310282,313,0.038306745,12,7
0,0,0.315039893,3,2,0.028049719,201,0.080017271,20,7
0,2,1.01587625,1,2,0.050806149,459,0.176563141,26,7
0,4,0.341474121,2,2,0.049077017,184,0.065308752,9,8
1,9,0.659162798,1,17,0.147200828,427,0.176135867,27,8
1,2,0.370016034,3,2,0.069694776,207,0.111722861,13,7
0,2,0.387976327,3,4,0.071888558,173,0.040661772,15,7