quick_ratio,profit_growth,management_turnover,loan_size,leverage_ratio,defaulted
0.29,-0.18,0.11,53.06,0.7,1
4.38,0.36,0.12,192.66,0.67,1
2.87,0.45,0.46,34.47,0.71,0
2.07,0.44,0.38,403.37,0.21,0
1.64,0.88,0.4,469.82,0.58,0
1.82,-0.39,0.4,213.06,0.53,0
0.18,-0.09,0.25,106.22,0.83,1
0.13,0.89,0.02,64.02,0.46,1
4.21,0.63,0.4,45.63,0.4,0
0.34,0.19,0.1,452.29,0.36,1
1.73,-0.4,0.18,239.66,0.13,0
3.89,0.14,0.18,200.55,0.25,0
0.65,0.2,0.18,441.16,0.49,0
4.03,0.77,0.46,441.83,0.77,1
1.17,-0.21,0.21,369.77,0.78,0
1.97,-0.4,0.19,402.7,0.34,0
2.37,0.38,0.13,287.3,0.46,0
0.42,0.11,0.22,385.08,0.72,1
0.93,-0.43,0.38,158.38,0.59,1
0.1,0.06,0.39,86.2,0.64,1
1.65,-0.4,0.06,49.34,0.17,0
0.92,0.27,0.1,438.23,0.57,1
0.09,0.04,0.47,76.65,0.6,1
4.49,-0.39,0.19,478.56,0.39,0
0.3,0.7,0.44,353.11,0.84,0
0.17,0.57,0.34,114.77,0.49,1
0.95,-0.02,0.13,397.66,0.14,0
3.9,0.26,0.2,212.52,0.78,0
2.58,-0.12,0.49,100.28,0.76,0
0.19,-0.08,0.24,108.34,0.95,1
0.99,0.34,0.36,441.22,0.52,1
0.31,-0.17,0.12,56.88,0.7,1
2.05,0.68,0.18,494.33,0.52,0
1.02,0.78,0.42,220.08,0.34,1
0.68,0.2,0.38,274.02,0.81,1
2.16,-0.48,0.09,30.26,0.11,0
0.24,-0.08,0.2,103.15,0.82,1
3.06,0.56,0.32,328.32,0.58,0
0.0,0.0,0.37,11.47,0.51,1
3.02,-0.42,0.36,359.99,0.29,0
0.2,-0.08,0.19,67.57,0.84,1
2.95,0.15,0.16,269.12,0.45,0
0.14,-0.34,0.34,269.45,0.58,0
3.1,0.3,0.02,201.96,0.19,0
0.24,-0.23,0.08,24.98,0.68,1
3.66,-0.04,0.46,68.87,0.77,1
2.83,0.42,0.04,98.73,0.64,0
4.63,0.85,0.35,469.58,0.86,0
1.4,0.35,0.18,40.78,0.28,0
2.49,-0.37,0.09,463.33,0.63,0
4.57,0.87,0.49,441.6,0.14,0
0.46,0.49,0.42,312.72,0.47,1
0.68,-0.25,0.34,403.34,0.68,0
0.33,-0.14,0.11,29.34,0.81,1
2.36,-0.14,0.35,452.64,0.66,1
0.0,0.0,0.37,13.6,0.52,1
0.31,-0.25,0.12,52.2,0.72,1
1.67,0.22,0.06,401.49,0.7,1
3.72,-0.35,0.15,465.89,0.44,0
4.68,-0.13,0.37,339.95,0.14,1
0.19,-0.1,0.17,102.94,0.98,1
3.11,0.42,0.45,257.85,0.75,1
3.06,-0.25,0.04,299.08,0.88,1
0.25,-0.19,0.12,24.24,0.8,1
1.18,0.14,0.47,361.36,0.42,0
0.23,-0.05,0.19,265.08,0.28,0
3.88,-0.34,0.33,295.16,0.52,1
2.4,0.73,0.17,323.44,0.31,0
0.0,0.0,0.28,6.34,0.52,1
0.22,0.08,0.44,186.39,0.36,1
2.73,0.8,0.03,176.16,0.31,1
4.9,0.7,0.29,23.29,0.25,0
2.13,0.86,0.28,275.81,0.65,1
3.9,0.55,0.01,73.57,0.72,0
3.7,-0.4,0.18,171.83,0.28,1
0.11,0.04,0.63,131.74,0.65,1
2.42,-0.02,0.06,385.31,0.36,0
4.11,0.08,0.22,251.6,0.56,0
0.0,0.0,0.37,9.83,0.52,1
0.13,-0.32,0.13,171.67,0.32,0
0.34,-0.21,0.07,57.44,0.8,1
2.6,0.7,0.32,34.17,0.58,0
4.31,-0.4,0.31,168.44,0.82,1
4.77,-0.41,0.11,88.63,0.88,1
3.66,0.71,0.27,241.81,0.29,0
0.11,0.04,0.38,117.39,0.58,1
4.74,0.07,0.19,404.37,0.35,1
1.59,-0.13,0.14,262.5,0.82,0
0.17,-0.1,0.24,121.63,0.98,1
3.49,0.33,0.45,27.97,0.7,0
2.09,0.31,0.18,283.59,0.78,0
0.0,0.0,0.39,14.61,0.46,1
2.71,0.54,0.42,199.94,0.47,0
4.58,0.73,0.44,247.38,0.86,0
0.09,0.05,0.5,104.1,0.57,1
0.22,-0.09,0.29,124.27,0.96,1
0.1,0.04,0.54,120.03,0.59,1
0.22,-0.08,0.24,92.54,0.89,1
4.38,0.87,0.49,481.77,0.78,0
0.08,0.06,0.36,109.11,0.55,1
0.25,-0.18,0.1,38.91,0.68,1
2.32,0.95,0.37,276.97,0.21,0
4.24,0.57,0.08,411.03,0.39,0
0.0,0.0,0.37,9.79,0.48,1
1.04,-0.31,0.16,186.41,0.53,0
2.42,0.19,0.48,445.7,0.81,0
3.4,-0.48,0.05,8.22,0.13,0
0.02,0.08,0.33,398.5,0.57,0
4.34,0.94,0.18,42.77,0.25,0
0.21,-0.08,0.3,144.17,0.97,1
3.99,0.34,0.36,34.28,0.48,1
4.05,0.79,0.43,488.45,0.79,0
0.1,0.06,0.45,68.66,0.6,1
1.83,0.46,0.04,401.86,0.79,0
0.1,0.04,0.61,78.44,0.57,1
3.05,0.81,0.32,441.76,0.26,0
0.09,0.06,0.53,126.01,0.56,1
2.12,0.13,0.01,43.21,0.3,1
4.6,-0.4,0.14,485.54,0.1,0
3.06,-0.12,0.07,141.83,0.58,0
0.8,-0.23,0.41,32.89,0.26,0
3.82,0.42,0.45,442.79,0.74,0
4.47,0.41,0.34,235.95,0.63,1
4.71,0.27,0.27,98.45,0.61,1
2.24,0.6,0.44,117.78,0.39,0
3.29,0.32,0.18,153.52,0.68,0
0.11,0.04,0.58,109.66,0.59,1
1.75,-0.27,0.45,44.26,0.72,0
0.3,-0.2,0.09,32.36,0.8,1
0.09,0.06,0.62,63.3,0.54,1
0.12,0.05,0.37,110.04,0.56,1
0.0,0.0,0.3,6.02,0.48,1
4.51,0.54,0.28,192.78,0.28,0
4.6,0.83,0.5,397.97,0.15,1
0.25,-0.26,0.1,52.19,0.7,1
0.11,0.04,0.46,81.15,0.63,1
4.46,0.37,0.5,343.38,0.25,0
1.86,0.98,0.2,355.01,0.89,0
0.38,-0.21,0.42,473.98,0.79,1
2.02,0.54,0.39,213.84,0.22,0
1.12,0.95,0.35,402.41,0.42,1
3.68,0.97,0.18,494.23,0.62,0
0.23,0.08,0.35,290.61,0.37,1
2.77,0.71,0.27,344.89,0.8,0
0.35,-0.22,0.09,43.88,0.81,1
3.62,-0.38,0.17,41.01,0.6,1
4.3,0.06,0.49,378.14,0.33,1
1.19,-0.15,0.38,161.65,0.55,1
4.76,-0.13,0.3,282.88,0.44,0
0.9,0.7,0.5,251.34,0.84,0
0.17,0.31,0.34,228.57,0.7,1
2.7,0.02,0.36,352.06,0.86,0
4.32,-0.09,0.24,158.43,0.85,0
0.0,0.0,0.26,9.79,0.54,1
2.0,0.76,0.48,252.3,0.47,1
0.53,1.0,0.1,125.31,0.64,0
0.2,-0.08,0.18,54.21,0.95,1
0.09,0.06,0.39,57.89,0.54,1
3.08,0.93,0.33,9.14,0.28,1
2.76,0.21,0.37,35.04,0.76,0
1.73,0.32,0.15,157.04,0.16,1
0.35,-0.15,0.1,38.76,0.7,1
0.22,0.11,0.48,117.06,0.42,1
0.3,-0.17,0.1,42.73,0.76,1
1.31,0.75,0.08,278.37,0.52,1
4.89,0.31,0.11,286.97,0.79,0
0.0,0.0,0.29,12.42,0.55,1
0.53,-0.43,0.45,73.65,0.28,0
0.18,-0.07,0.19,144.12,0.88,1
0.11,0.04,0.51,100.56,0.6,1
2.11,0.06,0.41,37.89,0.67,0
0.34,-0.24,0.07,46.52,0.79,1
2.99,0.01,0.31,234.35,0.75,1
1.63,-0.49,0.1,96.11,0.88,0
4.1,0.85,0.19,278.86,0.49,0
4.76,0.29,0.35,45.37,0.72,0
4.65,0.69,0.14,208.75,0.58,0
4.56,0.93,0.34,14.17,0.38,1
4.22,-0.15,0.18,393.35,0.83,1
0.21,-0.09,0.24,131.74,0.95,1
3.57,0.05,0.14,328.9,0.44,0
0.79,-0.46,0.02,233.73,0.75,0
2.48,0.14,0.22,423.06,0.59,1
1.73,0.48,0.04,401.88,0.88,0
0.23,0.38,0.28,144.03,0.25,0
0.89,0.97,0.01,131.27,0.13,0
0.23,0.13,0.29,200.9,0.38,1
1.53,0.87,0.36,324.11,0.31,0
1.85,0.05,0.07,418.39,0.11,0
0.29,-0.4,0.5,313.18,0.9,1
2.47,0.42,0.4,270.29,0.46,0
2.05,0.94,0.25,242.85,0.16,0
4.86,0.64,0.06,208.8,0.14,0
2.14,0.15,0.02,30.47,0.55,0
0.09,0.06,0.59,65.15,0.59,1
0.28,-0.17,0.12,51.46,0.72,1
3.34,-0.37,0.05,374.02,0.7,0
1.84,-0.42,0.35,149.57,0.75,0
0.28,0.23,0.23,175.02,0.54,0
4.66,0.4,0.17,444.09,0.69,0
0.04,0.43,0.14,175.85,0.64,0
3.09,0.03,0.3,118.57,0.87,1
0.11,0.05,0.54,71.76,0.66,1
2.74,0.33,0.34,61.12,0.48,1
3.67,-0.17,0.27,284.38,0.64,1
1.8,0.73,0.41,298.95,0.27,0
4.41,0.6,0.14,380.07,0.43,0
0.69,0.85,0.24,190.68,0.12,0
2.9,-0.12,0.13,250.63,0.67,0
3.57,0.47,0.49,473.5,0.29,1
0.63,0.85,0.05,114.3,0.12,0
1.16,0.99,0.35,418.28,0.69,0
4.65,0.49,0.36,164.7,0.82,0
3.15,0.04,0.44,451.73,0.36,0
0.36,0.22,0.18,417.59,0.37,1
2.18,0.45,0.23,69.24,0.45,0
0.17,-0.13,0.3,89.3,0.9,1
0.18,0.12,0.48,265.4,0.38,1
3.22,0.07,0.14,192.65,0.52,0
3.79,0.24,0.48,430.45,0.22,0
2.24,-0.36,0.27,20.05,0.86,0
1.58,-0.3,0.2,132.32,0.5,0
4.61,-0.21,0.37,350.16,0.7,1
2.24,0.11,0.05,394.01,0.49,0
0.11,0.06,0.49,92.43,0.64,1
0.07,-0.5,0.23,171.26,0.9,1
4.01,-0.11,0.23,241.97,0.69,0
0.0,0.0,0.29,7.45,0.5,1
3.29,0.43,0.32,207.85,0.6,0
0.1,0.05,0.44,118.9,0.54,1
0.0,0.0,0.29,13.8,0.46,1
3.2,0.88,0.01,195.4,0.64,0
3.4,0.44,0.31,316.94,0.67,0
1.29,0.21,0.18,232.17,0.82,0
0.1,0.04,0.41,102.96,0.54,1
0.17,-0.11,0.26,77.3,0.86,1
3.96,0.84,0.29,422.01,0.79,0
1.66,0.02,0.45,290.15,0.35,1
2.86,-0.3,0.4,462.1,0.61,0
0.59,0.4,0.44,172.08,0.36,1
3.16,0.48,0.02,313.33,0.8,1
1.07,0.75,0.17,322.43,0.57,0
0.0,0.0,0.25,10.69,0.46,1
0.15,0.92,0.41,361.63,0.23,0
2.58,-0.35,0.04,449.23,0.49,0
2.53,-0.24,0.17,76.82,0.16,1
0.0,0.0,0.23,14.41,0.53,1
1.21,-0.21,0.49,26.67,0.11,0
1.32,0.82,0.41,22.38,0.51,1
0.03,0.85,0.14,154.71,0.24,0
0.19,0.11,0.32,113.39,0.44,1
0.16,-0.11,0.2,83.86,0.88,1
2.77,-0.34,0.13,400.69,0.71,1
0.74,0.97,0.37,252.62,0.2,0
0.0,0.0,0.36,12.79,0.55,1
0.32,-0.14,0.08,22.07,0.74,1
0.17,-0.11,0.24,137.0,0.95,1
3.67,-0.17,0.33,380.19,0.83,1
3.72,-0.37,0.34,352.68,0.36,1
3.04,-0.34,0.44,132.86,0.62,1
0.11,0.06,0.46,106.17,0.58,1
0.88,-0.28,0.41,37.11,0.21,0
1.34,0.36,0.16,83.55,0.17,0
0.2,0.09,0.33,130.99,0.39,1
2.28,0.49,0.43,137.79,0.13,1
0.1,0.06,0.38,146.79,0.65,1
4.85,0.14,0.09,191.91,0.51,0
0.89,0.53,0.37,55.41,0.22,1
4.9,-0.22,0.38,379.66,0.49,1
3.86,0.74,0.06,230.07,0.4,1
0.42,0.38,0.03,98.23,0.79,0
2.28,0.97,0.27,233.8,0.56,0
4.64,-0.29,0.1,5.47,0.67,0
3.71,0.6,0.43,225.79,0.28,1
0.36,-0.19,0.12,59.11,0.71,1
0.11,0.06,0.46,128.26,0.65,1
1.36,0.68,0.14,420.87,0.65,0
0.22,0.11,0.49,172.29,0.38,1
0.24,0.08,0.41,284.53,0.42,1
1.0,0.8,0.49,215.83,0.27,1
3.76,-0.17,0.41,342.79,0.28,0
0.21,-0.12,0.27,96.95,0.92,1
4.43,0.62,0.2,186.89,0.85,0
0.6,0.79,0.4,371.36,0.72,0
1.87,-0.28,0.33,219.33,0.71,0
0.0,0.0,0.25,9.36,0.54,1
2.7,0.81,0.39,67.45,0.44,0
3.72,-0.09,0.4,344.15,0.18,0
1.81,-0.32,0.27,329.69,0.37,0
0.52,0.54,0.34,203.22,0.37,0
0.0,0.0,0.34,10.92,0.47,1
0.2,-0.09,0.23,122.5,0.92,1
0.26,0.11,0.4,176.29,0.32,1
2.6,0.51,0.22,31.01,0.46,0
2.14,0.2,0.48,450.21,0.62,0
3.24,0.91,0.48,461.67,0.31,0
0.84,0.2,0.36,377.98,0.6,1
0.0,0.0,0.22,12.27,0.47,1
0.0,0.0,0.36,13.12,0.46,1
2.23,-0.04,0.21,372.39,0.48,1
0.32,-0.22,0.13,45.86,0.72,1
0.26,-0.21,0.08,30.55,0.71,1
0.17,0.11,0.4,165.32,0.41,1
4.16,0.33,0.06,457.7,0.87,0
3.95,0.55,0.13,272.25,0.11,0
0.29,-0.26,0.08,32.1,0.78,1
4.89,-0.45,0.13,176.55,0.68,0
0.98,0.46,0.1,327.01,0.29,0
1.21,0.88,0.29,35.61,0.11,1
1.14,0.23,0.46,464.41,0.75,0
0.28,-0.15,0.09,40.92,0.79,1
0.08,0.79,0.13,267.32,0.43,1
1.49,-0.47,0.31,217.51,0.79,0
1.41,0.03,0.39,287.46,0.12,1
2.99,0.38,0.05,207.25,0.71,1
1.74,0.52,0.27,171.01,0.77,0
2.97,0.2,0.45,379.84,0.5,0
0.18,0.09,0.52,222.16,0.39,1
0.28,-0.16,0.12,48.98,0.71,1
0.0,0.0,0.28,8.49,0.51,1
3.05,0.46,0.43,325.57,0.26,1
3.96,-0.03,0.27,423.03,0.31,0
4.4,0.43,0.14,476.77,0.74,0
1.04,-0.39,0.0,256.49,0.13,1
0.1,0.04,0.64,140.92,0.61,1
3.79,0.35,0.04,320.41,0.74,0
1.77,0.84,0.41,233.26,0.16,1
0.11,0.06,0.54,118.34,0.65,1
0.23,-0.09,0.18,92.35,0.9,1
0.0,0.0,0.26,14.14,0.48,1
4.58,0.01,0.47,459.07,0.81,0
0.72,-0.45,0.33,91.11,0.74,0
3.65,-0.07,0.23,390.31,0.2,1
4.82,-0.38,0.0,160.41,0.49,0
0.08,0.05,0.48,53.71,0.6,1
3.47,0.69,0.12,200.95,0.41,0
3.86,0.33,0.22,453.05,0.4,0
0.36,-0.18,0.1,43.86,0.71,1
1.06,-0.39,0.13,106.79,0.48,0
0.64,0.12,0.21,493.71,0.74,0
2.58,0.16,0.46,82.17,0.48,0
4.76,0.14,0.24,134.72,0.17,1
0.14,0.85,0.42,313.93,0.17,0
4.18,0.92,0.1,365.92,0.22,1
2.56,0.59,0.49,488.09,0.37,1
3.92,0.98,0.45,348.21,0.15,0
0.95,0.75,0.04,180.43,0.38,1
0.19,-0.08,0.2,99.49,0.83,1
0.08,0.06,0.61,144.13,0.58,1
0.17,0.09,0.5,236.58,0.42,1
0.21,-0.08,0.22,137.16,0.91,1
3.69,0.72,0.45,236.21,0.65,0
3.97,0.27,0.34,261.83,0.73,1
2.02,0.01,0.24,306.13,0.73,1
0.21,0.62,0.41,158.08,0.42,1
4.63,0.27,0.41,255.16,0.35,1
1.26,-0.32,0.32,133.39,0.33,0
3.11,-0.28,0.06,264.25,0.31,0
0.2,0.12,0.29,225.21,0.43,1
1.89,0.39,0.44,434.14,0.9,0
4.02,0.04,0.47,69.65,0.35,0
0.54,0.15,0.42,325.72,0.21,0
3.32,0.31,0.28,215.74,0.37,0
0.25,-0.21,0.11,59.76,0.77,1
0.11,0.06,0.62,128.11,0.64,1
0.24,0.08,0.45,255.38,0.4,1
0.24,0.08,0.46,183.2,0.39,1
2.22,-0.16,0.04,325.83,0.26,0
1.06,0.9,0.44,207.57,0.65,0
0.0,0.0,0.23,5.69,0.51,1
4.53,0.76,0.31,5.86,0.81,1
1.92,0.29,0.01,1.57,0.24,1
0.21,0.12,0.41,196.45,0.43,1
0.24,-0.09,0.23,60.03,0.9,1
0.09,0.04,0.49,109.74,0.56,1
3.04,-0.44,0.23,447.65,0.58,1
0.08,0.7,0.07,287.02,0.48,1
0.27,-0.2,0.13,42.67,0.77,1
0.17,-0.08,0.3,71.15,0.84,1
3.74,0.78,0.32,26.7,0.67,1
3.71,0.24,0.17,161.36,0.85,0
4.11,0.64,0.07,67.78,0.82,0
3.18,-0.35,0.21,243.77,0.31,0
0.0,0.0,0.31,7.25,0.47,1
4.54,0.48,0.46,213.14,0.67,0
0.59,0.4,0.2,471.72,0.66,0
3.26,0.23,0.23,421.58,0.84,0
3.57,-0.13,0.14,277.25,0.62,0
1.72,-0.38,0.5,277.74,0.23,1
0.16,-0.1,0.3,96.03,0.87,1
0.09,0.04,0.64,87.49,0.55,1
0.0,0.0,0.26,10.5,0.48,1
1.0,0.23,0.38,259.93,0.67,0
2.65,0.01,0.39,215.8,0.36,0
0.16,0.1,0.43,199.88,0.44,1
0.31,0.1,0.23,59.32,0.56,0
1.83,0.36,0.33,448.58,0.51,0
2.4,-0.47,0.25,464.64,0.25,0
0.09,0.05,0.61,52.1,0.58,1
1.74,0.33,0.27,97.72,0.35,1
3.99,0.17,0.43,195.62,0.11,0
0.29,-0.21,0.07,38.87,0.81,1
3.89,-0.38,0.25,201.26,0.39,1
3.21,0.42,0.43,249.32,0.39,1
1.58,0.13,0.19,395.13,0.71,0
1.93,0.71,0.12,367.79,0.83,0
0.82,0.26,0.37,123.67,0.48,1
0.0,0.0,0.25,14.16,0.5,1
0.74,0.59,0.29,165.71,0.41,0
3.14,-0.48,0.24,421.66,0.38,0
0.85,0.01,0.26,45.33,0.11,0
3.67,0.72,0.32,209.26,0.72,0
4.2,0.54,0.27,68.19,0.24,0
1.9,0.63,0.37,477.61,0.78,1
1.89,0.61,0.04,28.31,0.49,0
0.21,0.08,0.5,199.22,0.43,1
1.81,-0.11,0.07,421.75,0.52,0
3.7,0.67,0.24,111.87,0.22,0
1.4,0.22,0.47,247.72,0.11,1
0.64,-0.31,0.1,281.07,0.63,1
0.07,0.53,0.44,371.52,0.22,0
2.82,0.17,0.28,406.09,0.89,0
1.74,0.78,0.03,108.73,0.51,1
1.39,0.06,0.26,429.84,0.13,0
1.99,0.26,0.05,3.19,0.81,0
4.41,0.81,0.05,430.73,0.8,0
4.79,-0.3,0.24,247.18,0.27,0
4.08,0.9,0.17,484.13,0.42,0
3.16,-0.07,0.33,262.5,0.66,0
2.72,0.89,0.29,21.32,0.49,1
0.21,0.09,0.39,299.74,0.4,1
1.38,0.02,0.1,132.18,0.51,0
0.2,0.12,0.51,240.11,0.42,1
2.0,-0.14,0.06,7.28,0.84,0
1.86,0.34,0.22,94.49,0.13,0
0.0,0.0,0.33,7.89,0.47,1
3.46,-0.35,0.21,5.19,0.15,1
1.99,0.23,0.11,42.44,0.33,1
0.23,0.09,0.46,281.98,0.42,1
2.44,-0.18,0.07,391.52,0.15,0
4.72,0.7,0.05,117.01,0.64,0
2.36,0.11,0.42,284.24,0.7,0
1.53,0.98,0.45,33.66,0.22,0
0.12,0.05,0.63,76.17,0.58,1
3.77,-0.31,0.44,142.55,0.52,0
0.63,0.18,0.47,249.77,0.7,1
0.89,0.84,0.22,479.34,0.86,0
0.23,0.08,0.49,288.45,0.4,1
0.14,0.13,0.23,264.79,0.13,0
3.16,-0.36,0.17,357.67,0.56,0
4.08,0.53,0.4,220.01,0.84,0
4.85,-0.49,0.26,111.67,0.71,1
4.61,-0.02,0.38,498.71,0.19,0
4.06,0.25,0.17,421.41,0.76,1
0.55,-0.29,0.4,129.17,0.12,0
0.21,-0.11,0.3,90.06,0.91,1
3.27,0.04,0.31,27.12,0.32,0
0.32,-0.16,0.11,45.58,0.76,1
0.03,0.09,0.08,49.67,0.43,0
2.81,-0.4,0.42,434.01,0.3,0
3.52,0.07,0.36,120.45,0.85,0
0.09,0.05,0.58,71.86,0.56,1
4.02,0.29,0.33,80.84,0.87,0
2.51,0.11,0.3,341.86,0.62,0
3.29,-0.18,0.24,151.03,0.61,0
1.32,-0.47,0.35,269.18,0.38,0
3.05,0.09,0.49,124.69,0.12,0
0.92,0.94,0.43,305.68,0.18,0
0.95,-0.08,0.25,164.42,0.36,0
4.82,-0.11,0.09,287.29,0.41,0
3.78,0.4,0.25,201.36,0.88,1
1.89,0.39,0.31,127.21,0.68,0
1.6,0.11,0.34,495.14,0.76,1
0.18,-0.11,0.23,126.89,0.86,1
4.03,0.93,0.41,376.68,0.61,0
2.83,0.06,0.31,88.12,0.64,0
4.81,0.12,0.47,282.83,0.58,0
0.1,0.04,0.5,97.24,0.57,1
0.16,0.11,0.34,196.4,0.41,1
4.37,0.07,0.3,34.31,0.36,0
0.11,0.06,0.65,61.71,0.65,1
2.17,-0.31,0.42,393.43,0.12,0
2.12,0.83,0.05,201.24,0.25,1
3.55,0.8,0.3,439.59,0.45,0
0.81,-0.22,0.45,238.26,0.57,1
0.13,0.16,0.41,476.36,0.33,0
0.17,0.08,0.3,152.03,0.44,1
3.76,0.24,0.08,64.97,0.78,0
2.62,0.29,0.42,128.69,0.27,0
1.85,-0.06,0.43,275.18,0.61,0
0.64,0.69,0.44,69.9,0.76,0
1.28,0.87,0.1,368.47,0.52,0
0.0,0.0,0.24,13.44,0.47,1
2.15,-0.35,0.15,282.9,0.29,0
3.67,-0.48,0.07,141.95,0.1,0
3.55,0.12,0.38,43.99,0.8,1
2.02,-0.13,0.02,181.97,0.77,1
4.07,0.28,0.43,338.89,0.48,0
0.2,-0.1,0.27,136.38,0.94,1
0.0,0.0,0.24,7.18,0.49,1
0.26,-0.15,0.12,47.35,0.72,1
3.87,0.01,0.48,111.28,0.62,1
1.71,-0.2,0.1,37.97,0.63,0
3.43,0.93,0.07,3.74,0.18,0
2.71,-0.3,0.34,385.54,0.34,0
4.21,0.01,0.13,126.66,0.54,1
2.96,0.88,0.23,215.36,0.46,0
0.18,-0.12,0.17,128.41,0.9,1
0.7,0.98,0.32,418.48,0.72,1
3.04,0.64,0.38,32.79,0.72,0
3.73,0.75,0.47,310.44,0.17,0
2.13,-0.38,0.29,238.55,0.79,0
4.54,0.79,0.34,250.35,0.56,0
0.23,0.12,0.42,139.41,0.42,1
0.51,0.21,0.2,286.88,0.51,0
4.68,-0.36,0.15,81.95,0.73,0
0.22,0.1,0.46,167.68,0.4,1
4.61,0.47,0.45,446.56,0.87,0
1.07,-0.07,0.31,249.96,0.26,0
0.23,0.1,0.33,236.54,0.42,1
1.38,0.66,0.02,88.0,0.33,1
0.27,-0.16,0.11,24.04,0.82,1
3.63,0.78,0.06,365.79,0.46,1
0.25,-0.2,0.08,55.87,0.77,1
0.34,-0.16,0.09,27.36,0.69,1
0.23,-0.08,0.27,105.31,0.85,1
1.81,0.31,0.46,68.96,0.42,0
0.19,-0.11,0.25,92.72,0.99,1
3.87,0.74,0.49,51.97,0.83,1
1.18,-0.47,0.43,483.13,0.58,0
0.22,-0.17,0.19,9.43,0.45,0
0.09,0.06,0.44,117.51,0.62,1
3.36,0.33,0.14,252.75,0.89,0
0.31,-0.2,0.12,28.31,0.79,1
3.11,0.16,0.39,140.45,0.37,0
2.31,-0.1,0.33,167.47,0.35,0
2.36,0.14,0.49,396.27,0.37,1
0.18,-0.1,0.19,74.47,0.93,1
0.38,-0.07,0.49,200.64,0.74,0
2.37,0.73,0.22,348.74,0.43,1
1.78,-0.05,0.33,279.11,0.63,0
3.89,0.69,0.11,36.16,0.11,1
0.18,0.74,0.39,50.66,0.31,0
0.0,0.0,0.38,5.68,0.5,1
0.17,-0.13,0.22,79.64,0.85,1
2.38,0.25,0.11,343.68,0.76,1
0.16,0.12,0.5,292.07,0.39,1
0.22,-0.24,0.08,293.34,0.2,0
4.45,-0.18,0.1,479.13,0.23,0
0.27,-0.2,0.38,63.57,0.5,0
1.52,0.37,0.01,101.09,0.22,0
4.43,0.72,0.22,141.83,0.86,0
2.69,0.06,0.25,247.19,0.41,0
2.13,-0.18,0.37,418.01,0.74,0
0.34,0.66,0.02,229.61,0.28,0
3.35,0.01,0.5,94.46,0.87,0
2.44,-0.27,0.33,119.71,0.58,1
0.16,0.49,0.06,144.63,0.72,0
1.31,0.66,0.18,66.18,0.63,0
0.16,0.09,0.44,110.3,0.42,1
4.5,0.87,0.36,63.28,0.21,1
3.46,0.09,0.1,304.31,0.63,1
4.07,-0.26,0.13,125.19,0.29,0
1.48,-0.21,0.47,457.68,0.65,0
1.79,0.35,0.3,460.93,0.78,0
2.74,0.26,0.45,465.19,0.25,0
3.96,0.99,0.01,269.43,0.32,0
2.77,-0.3,0.07,119.95,0.12,1
0.43,0.98,0.14,334.03,0.88,0
2.59,0.01,0.18,413.11,0.38,0
0.44,0.8,0.11,46.51,0.81,1
0.11,0.42,0.15,9.34,0.71,1
0.21,-0.12,0.25,144.91,0.82,1
2.57,0.07,0.37,238.62,0.2,1
1.22,0.15,0.38,406.29,0.72,0
3.61,0.54,0.18,498.22,0.61,1
0.1,0.04,0.37,96.88,0.54,1
3.42,0.11,0.2,197.44,0.11,1
4.86,0.78,0.3,34.06,0.81,1
0.26,-0.2,0.1,35.2,0.76,1
0.52,0.78,0.01,19.6,0.29,1
3.86,0.62,0.49,6.3,0.18,0
0.23,-0.1,0.29,68.59,0.9,1
0.84,-0.12,0.46,475.86,0.13,0
0.0,0.0,0.32,10.58,0.49,1
1.83,0.8,0.37,201.75,0.42,1
2.07,-0.29,0.42,41.07,0.24,0
1.01,-0.15,0.38,493.58,0.24,0
0.0,0.0,0.33,10.38,0.46,1
4.34,0.37,0.32,166.57,0.66,0
1.64,-0.15,0.19,373.83,0.3,0
0.32,-0.36,0.05,111.96,0.75,1
0.19,0.12,0.46,149.09,0.42,1
1.9,-0.38,0.09,51.75,0.59,1
0.0,0.0,0.22,8.57,0.46,1
3.65,0.2,0.49,275.26,0.18,0
4.69,-0.3,0.42,251.53,0.21,1
2.3,0.83,0.46,77.72,0.86,1
2.75,-0.14,0.16,364.21,0.29,0
3.28,0.77,0.43,159.72,0.38,0
0.32,-0.19,0.07,37.22,0.77,1
0.0,0.0,0.36,12.82,0.53,1
4.8,-0.24,0.35,194.11,0.29,0
2.39,-0.25,0.22,57.9,0.43,0
3.59,0.1,0.22,308.94,0.5,1
2.37,0.5,0.43,14.18,0.44,0
1.81,0.95,0.4,253.71,0.29,0
2.69,0.52,0.49,216.36,0.75,0
3.97,-0.15,0.4,218.3,0.23,0
0.18,-0.12,0.31,112.78,0.96,1
4.94,-0.26,0.32,340.06,0.61,1
1.57,-0.14,0.31,124.51,0.54,0
4.49,-0.27,0.47,305.25,0.17,1
2.39,0.45,0.08,483.04,0.62,0
0.2,0.12,0.37,211.43,0.38,1
3.3,-0.28,0.26,62.32,0.71,0
0.27,-0.22,0.07,36.24,0.72,1
0.18,0.12,0.38,189.35,0.4,1
2.42,0.74,0.31,284.89,0.83,0
0.24,-0.12,0.26,126.5,0.87,1
1.47,0.25,0.24,201.01,0.7,0
1.19,-0.37,0.29,456.76,0.21,1
2.15,0.54,0.35,236.39,0.61,0
4.98,0.9,0.21,211.74,0.59,0
2.76,-0.06,0.26,428.68,0.27,0
0.54,0.9,0.19,197.59,0.69,0
4.07,0.41,0.26,353.37,0.42,1
0.24,-0.13,0.28,98.3,0.89,1
0.17,-0.08,0.18,100.88,0.81,1
0.19,-0.12,0.24,134.14,0.92,1
0.42,-0.16,0.02,232.25,0.57,0
4.69,0.95,0.07,389.89,0.77,1
0.1,0.05,0.41,59.73,0.59,1
2.9,-0.06,0.26,300.98,0.28,0
4.09,0.81,0.38,75.2,0.48,0
3.19,-0.19,0.16,57.95,0.8,0
2.89,0.29,0.27,46.93,0.74,0
2.67,0.73,0.3,300.25,0.18,0
0.17,0.41,0.38,154.33,0.72,0
3.49,-0.19,0.44,374.59,0.29,0
2.37,-0.07,0.05,74.09,0.47,0
2.32,-0.28,0.04,167.96,0.37,0
0.91,0.52,0.28,41.29,0.15,0
4.92,0.79,0.32,290.0,0.35,1
0.09,0.04,0.62,83.49,0.6,1
1.42,0.46,0.4,72.96,0.3,1
0.33,-0.17,0.12,47.98,0.71,1
0.07,0.74,0.08,115.22,0.19,0
4.76,-0.17,0.49,275.02,0.43,0
0.3,0.05,0.12,303.31,0.5,0
0.17,0.08,0.47,266.67,0.42,1
2.74,-0.23,0.44,264.38,0.76,1
0.41,-0.19,0.42,475.0,0.14,1
0.32,-0.18,0.09,58.89,0.72,1
1.75,0.64,0.45,295.61,0.76,0
0.1,0.05,0.5,109.36,0.6,1
0.2,-0.1,0.31,96.45,0.84,1
0.07,-0.13,0.18,112.99,0.62,1
1.52,0.45,0.41,223.95,0.83,1
1.5,0.25,0.39,262.91,0.66,0
0.27,-0.12,0.03,490.32,0.15,0
3.28,-0.22,0.31,159.65,0.51,0
3.92,0.3,0.03,23.32,0.36,1
3.6,-0.17,0.17,83.28,0.3,0
4.7,0.41,0.48,100.18,0.11,0
4.46,-0.34,0.04,271.72,0.3,1
3.56,0.87,0.01,251.45,0.18,0
3.93,-0.4,0.04,197.97,0.44,1
3.6,0.42,0.18,197.13,0.26,0
4.84,0.96,0.49,479.57,0.64,0
3.74,0.76,0.01,70.89,0.59,1
1.36,0.33,0.5,16.43,0.77,0
4.34,0.03,0.36,187.92,0.48,0
0.21,-0.1,0.25,81.37,0.84,1
4.83,-0.38,0.02,182.25,0.12,0
2.86,0.49,0.02,231.63,0.54,0
0.22,0.09,0.47,104.1,0.39,1
2.47,0.2,0.29,268.4,0.25,1
3.06,0.52,0.12,232.48,0.37,0
0.22,0.12,0.3,283.57,0.43,1
0.0,0.0,0.39,14.53,0.49,1
3.16,-0.47,0.26,399.21,0.39,1
0.1,0.04,0.56,105.73,0.62,1
0.08,0.06,0.46,99.24,0.64,1
1.92,0.85,0.39,225.29,0.89,0
1.99,-0.12,0.26,139.44,0.49,0
2.93,0.4,0.31,160.76,0.34,0
3.48,0.3,0.27,421.55,0.37,0
0.0,0.0,0.37,10.76,0.52,1
2.11,0.32,0.23,481.87,0.77,0
1.37,0.73,0.49,16.71,0.64,0
0.17,-0.11,0.18,101.24,0.86,1
2.93,0.29,0.16,76.34,0.78,0
0.29,0.52,0.37,144.19,0.89,0
3.62,0.07,0.01,378.0,0.87,0
0.24,-0.11,0.27,124.26,0.89,1
0.32,-0.23,0.1,45.71,0.7,1
2.64,0.86,0.08,19.63,0.14,1
4.25,0.77,0.27,1.15,0.71,1
2.07,0.94,0.35,427.58,0.66,1
0.32,-0.25,0.12,22.22,0.69,1
0.89,-0.23,0.13,104.67,0.6,1
3.79,0.03,0.39,131.96,0.27,0
0.2,-0.12,0.23,100.22,0.88,1
2.51,0.24,0.3,97.63,0.43,0
0.9,0.91,0.37,381.51,0.32,0
0.0,0.0,0.23,11.03,0.51,1
2.13,0.03,0.29,132.41,0.76,0
4.18,-0.27,0.12,285.54,0.34,0
2.85,0.36,0.17,143.83,0.72,0
0.22,0.1,0.42,200.89,0.42,1
0.26,-0.21,0.11,27.59,0.8,1
4.81,0.79,0.17,462.36,0.74,0
1.46,-0.17,0.27,236.77,0.45,0
0.0,0.0,0.3,6.48,0.47,1
2.68,0.05,0.01,48.79,0.63,1
4.12,0.13,0.38,69.94,0.13,0
2.42,0.74,0.17,59.88,0.16,0
3.55,0.88,0.36,306.09,0.29,0
2.94,-0.37,0.26,235.43,0.68,1
1.19,0.58,0.24,442.08,0.5,1
3.32,-0.02,0.45,418.05,0.8,1
2.15,0.08,0.08,429.11,0.27,0
0.17,0.51,0.43,288.48,0.2,0
1.39,0.87,0.25,189.42,0.41,0
1.6,0.55,0.22,142.9,0.21,1
1.6,0.25,0.21,210.82,0.28,0
2.73,-0.08,0.43,446.68,0.26,0
0.39,0.69,0.07,453.53,0.31,0
0.21,-0.09,0.2,118.22,0.97,1
3.23,0.38,0.15,498.2,0.17,0
0.7,0.73,0.47,57.96,0.43,0
0.3,-0.25,0.08,56.74,0.73,1
0.32,-0.09,0.09,78.75,0.45,0
3.34,-0.42,0.06,84.38,0.3,0
0.17,-0.07,0.26,104.56,0.89,1
0.2,0.13,0.41,269.45,0.36,1
0.94,0.39,0.25,178.06,0.63,1
2.91,0.2,0.4,231.52,0.41,1
1.55,0.6,0.39,183.62,0.11,0
0.7,0.08,0.29,307.76,0.47,0
1.8,0.78,0.33,299.61,0.61,1
0.0,0.0,0.23,7.86,0.52,1
0.0,0.0,0.32,7.89,0.49,1
1.35,0.68,0.47,465.24,0.22,0
1.6,0.61,0.09,3.2,0.27,1
3.09,0.71,0.12,488.94,0.36,0
0.17,-0.09,0.17,84.51,0.98,1
4.87,-0.39,0.45,18.85,0.45,0
3.91,0.32,0.16,205.2,0.55,0
0.0,0.0,0.25,9.91,0.5,1
0.33,0.81,0.12,284.74,0.22,1
2.7,-0.22,0.4,189.83,0.2,1
0.44,-0.5,0.01,300.11,0.68,0
4.68,1.0,0.09,457.8,0.68,1
4.05,-0.1,0.5,132.37,0.21,0
3.57,0.33,0.45,168.08,0.35,0
0.16,0.09,0.38,269.25,0.39,1
3.96,0.02,0.18,261.71,0.31,0
1.31,0.75,0.2,276.8,0.3,0
1.93,0.79,0.13,339.65,0.76,0
0.72,1.0,0.13,399.85,0.52,1
4.05,-0.42,0.1,142.25,0.87,1
1.92,0.78,0.44,274.69,0.3,0
4.33,-0.12,0.13,120.16,0.78,1
4.88,-0.48,0.13,313.3,0.2,1
4.25,0.43,0.08,482.66,0.82,1
3.43,0.04,0.29,260.22,0.38,1
0.35,-0.18,0.13,31.61,0.77,1
3.71,0.39,0.02,337.11,0.75,0
0.22,-0.1,0.18,116.01,0.91,1
4.2,0.78,0.2,311.28,0.78,0
2.18,-0.39,0.17,344.99,0.33,0
4.83,0.89,0.24,399.85,0.12,0
0.0,0.0,0.23,12.65,0.5,1
1.62,0.18,0.28,333.01,0.56,1
4.68,0.43,0.03,470.27,0.74,0
0.95,0.22,0.34,15.65,0.46,1
3.33,-0.0,0.28,192.25,0.11,0
1.63,0.7,0.19,59.0,0.23,0
0.08,0.05,0.49,116.89,0.59,1
0.24,-0.18,0.13,28.78,0.78,1
0.71,0.84,0.15,52.04,0.5,0
1.76,0.25,0.43,39.22,0.46,1
1.87,-0.34,0.0,128.34,0.43,0
1.2,0.01,0.49,177.24,0.49,1
0.0,0.0,0.21,9.75,0.5,1
4.95,0.71,0.05,441.72,0.64,0
0.0,0.0,0.26,7.56,0.46,1
2.82,-0.09,0.27,399.18,0.42,0
0.3,-0.22,0.1,52.68,0.76,1
2.76,0.72,0.33,214.72,0.18,0
2.87,0.16,0.14,174.2,0.41,1
3.95,0.77,0.04,336.51,0.6,0
1.09,0.63,0.15,185.3,0.85,1
1.56,-0.35,0.45,116.55,0.22,1
2.47,0.57,0.1,172.74,0.38,0
3.32,0.67,0.39,228.07,0.15,0
1.16,-0.28,0.42,407.0,0.23,1
2.6,-0.17,0.36,471.95,0.35,0
3.97,-0.26,0.35,49.64,0.83,0
2.3,0.18,0.31,109.16,0.38,1
0.17,0.12,0.48,287.75,0.44,1
2.5,0.98,0.41,61.11,0.44,1
4.43,-0.07,0.44,145.84,0.84,1
0.41,0.04,0.36,305.57,0.38,0
0.17,-0.09,0.19,78.67,0.82,1
0.27,-0.21,0.11,27.85,0.79,1
3.27,-0.32,0.36,466.87,0.55,0
2.33,0.64,0.32,103.57,0.64,0
0.6,0.65,0.31,405.48,0.54,1
4.22,-0.2,0.05,452.2,0.38,1
2.32,0.66,0.21,497.1,0.65,0
4.88,0.57,0.46,443.25,0.84,1
3.38,0.01,0.44,123.81,0.25,0
0.12,0.06,0.47,58.03,0.65,1
0.46,-0.21,0.49,50.34,0.5,0
0.0,0.0,0.26,12.88,0.46,1
0.51,0.8,0.12,269.45,0.19,1
0.31,-0.25,0.13,56.55,0.78,1
4.63,0.15,0.48,342.91,0.7,0
0.83,-0.15,0.27,179.34,0.77,0
1.53,0.69,0.12,133.67,0.6,0
3.87,-0.21,0.33,265.46,0.77,1
0.13,0.54,0.05,402.63,0.89,1
0.23,0.08,0.37,234.6,0.42,1
2.42,0.67,0.27,228.65,0.6,0
2.88,-0.03,0.25,270.62,0.14,1
0.46,0.58,0.27,74.86,0.43,0
0.09,0.06,0.36,84.55,0.6,1
0.2,-0.12,0.25,85.87,0.89,1
1.38,0.05,0.21,153.39,0.54,0
1.07,-0.21,0.27,408.43,0.53,0
4.75,-0.19,0.05,301.43,0.65,0
0.21,-0.12,0.18,82.12,0.83,1
2.18,0.34,0.24,40.83,0.61,0
1.29,-0.08,0.22,399.28,0.49,1
1.59,0.56,0.02,341.31,0.62,0
0.0,0.0,0.34,7.61,0.47,1
4.63,-0.11,0.23,427.26,0.69,0
2.52,-0.36,0.22,430.92,0.38,0
3.58,0.62,0.25,127.18,0.43,0
0.8,-0.46,0.42,145.06,0.51,1
0.27,-0.17,0.12,52.36,0.73,1
3.24,0.28,0.19,147.47,0.33,0
1.97,0.99,0.12,438.5,0.6,1
1.52,0.7,0.1,450.87,0.9,1
2.25,0.93,0.24,417.24,0.68,1
2.01,-0.16,0.37,153.99,0.33,0
0.49,0.1,0.18,316.38,0.78,0
0.95,0.73,0.1,394.19,0.3,1
4.09,0.52,0.29,432.56,0.14,0
1.03,0.18,0.35,216.47,0.82,0
0.21,0.09,0.45,271.11,0.41,1
0.03,0.02,0.07,290.35,0.54,0
0.97,-0.06,0.43,4.66,0.32,0
4.28,0.33,0.2,477.79,0.19,0
2.21,0.71,0.33,223.78,0.31,0
0.11,0.04,0.54,104.94,0.56,1
2.74,0.06,0.35,143.74,0.45,0
0.73,0.95,0.36,246.12,0.89,0
4.95,0.48,0.17,435.62,0.29,0
4.25,-0.19,0.13,94.88,0.28,0
3.32,-0.4,0.49,200.82,0.57,0
1.38,0.97,0.39,482.93,0.29,0
0.0,0.0,0.25,6.24,0.49,1
4.36,0.87,0.15,388.29,0.38,0
0.0,0.0,0.33,6.86,0.46,1
0.77,0.29,0.24,77.49,0.14,0
0.74,-0.33,0.33,457.49,0.33,0
0.28,-0.19,0.07,51.47,0.74,1
3.85,0.38,0.4,185.64,0.61,1
3.84,-0.44,0.11,179.84,0.9,0
4.81,0.66,0.22,493.74,0.76,0
1.57,0.98,0.27,299.61,0.2,1
0.17,0.1,0.38,258.67,0.37,1
0.2,0.09,0.31,239.65,0.36,1
1.95,0.82,0.25,316.09,0.11,0
2.17,0.51,0.24,256.27,0.74,0
3.27,0.75,0.1,114.29,0.56,1
0.22,0.1,0.5,201.53,0.41,1
4.12,0.7,0.29,288.59,0.52,1
3.3,0.71,0.21,304.4,0.23,0
1.49,0.47,0.03,485.51,0.18,0
4.86,0.32,0.09,130.53,0.51,0
0.23,-0.11,0.3,139.0,0.96,1
2.96,0.92,0.14,374.81,0.53,0
0.1,0.05,0.6,140.93,0.62,1
1.06,0.58,0.05,179.07,0.58,0
1.36,0.98,0.32,198.47,0.6,0
3.96,0.51,0.01,72.36,0.52,1
3.09,0.64,0.25,328.8,0.85,0
2.09,-0.41,0.12,223.17,0.41,1
0.01,0.84,0.14,163.89,0.48,0
0.81,0.02,0.31,47.96,0.45,0
4.47,0.2,0.42,418.45,0.11,0
0.83,-0.32,0.48,28.31,0.13,0
0.56,-0.24,0.18,354.33,0.15,1
1.21,0.36,0.05,159.61,0.44,1
2.77,0.56,0.07,208.08,0.3,0
3.15,-0.08,0.16,231.34,0.41,0
0.24,0.32,0.33,249.16,0.9,1
0.0,0.0,0.3,13.08,0.48,1
0.0,0.0,0.22,13.31,0.52,1
0.2,-0.1,0.21,142.68,0.91,1
2.02,0.1,0.03,329.26,0.6,0
3.96,-0.49,0.46,395.9,0.79,0
0.2,0.11,0.28,121.84,0.36,1
3.37,0.43,0.4,205.93,0.76,0
0.3,-0.23,0.11,30.28,0.8,1
0.0,0.0,0.37,14.94,0.5,1
4.74,0.17,0.33,146.25,0.88,0
1.57,0.91,0.42,425.37,0.16,0
0.0,0.0,0.23,10.0,0.47,1
4.37,0.37,0.47,354.28,0.13,0
4.42,0.62,0.02,88.12,0.2,0
3.93,-0.02,0.19,27.93,0.73,0
3.48,-0.09,0.02,477.06,0.53,1
2.36,-0.4,0.27,68.56,0.26,0
4.87,0.14,0.09,135.68,0.54,1
1.71,-0.27,0.19,347.16,0.64,1
2.28,0.18,0.4,246.14,0.14,0
0.18,-0.11,0.2,99.32,0.83,1
3.85,-0.05,0.1,291.17,0.85,1
0.1,0.04,0.47,146.37,0.56,1
0.02,-0.35,0.03,160.81,0.26,1
2.35,0.07,0.47,440.19,0.44,1
1.6,0.75,0.39,32.1,0.25,0
1.89,-0.24,0.36,280.14,0.67,0
2.97,-0.14,0.27,397.17,0.22,1
4.77,0.88,0.21,263.93,0.46,1
0.18,0.09,0.45,191.32,0.36,1
2.99,0.8,0.39,402.01,0.82,0
0.57,0.13,0.48,59.79,0.29,0
1.99,-0.04,0.48,469.24,0.56,0
0.0,0.0,0.38,11.9,0.45,1
0.21,0.83,0.4,141.1,0.47,1
0.0,0.0,0.34,6.93,0.55,1
3.73,0.02,0.29,456.62,0.61,0
0.17,-0.11,0.18,90.92,0.99,1
1.53,-0.09,0.13,333.19,0.51,1
0.28,-0.25,0.09,56.66,0.78,1
3.06,0.03,0.11,173.3,0.4,1
0.17,0.09,0.37,131.5,0.38,1
1.34,0.32,0.05,107.9,0.9,1
1.22,0.4,0.07,14.52,0.58,0
2.23,0.7,0.22,385.24,0.76,0
0.21,-0.13,0.26,109.91,0.89,1
0.88,-0.11,0.07,493.21,0.2,1
0.14,0.55,0.12,277.45,0.69,0
3.13,0.22,0.49,119.56,0.24,0
1.53,-0.06,0.25,26.45,0.71,0
4.65,0.05,0.3,445.54,0.5,0
3.36,-0.35,0.1,189.84,0.56,0
1.93,0.72,0.18,23.9,0.48,1
4.46,-0.41,0.03,326.69,0.54,0
2.23,-0.13,0.15,403.22,0.85,0
3.79,0.81,0.07,58.67,0.7,0
2.01,0.5,0.3,299.47,0.18,1
0.0,0.0,0.26,6.11,0.53,1
1.22,0.83,0.34,427.04,0.85,1
0.31,-0.19,0.09,47.7,0.8,1
0.28,-0.22,0.1,44.22,0.7,1
0.19,0.08,0.46,227.44,0.41,1
2.71,0.32,0.31,367.81,0.67,1
0.2,-0.1,0.25,127.43,0.88,1
0.31,0.19,0.09,373.61,0.32,0
0.18,-0.1,0.25,146.13,0.83,1
3.52,-0.37,0.05,166.32,0.52,0
1.27,-0.46,0.41,357.52,0.42,0
0.09,0.05,0.39,62.82,0.61,1
0.28,0.58,0.29,6.61,0.27,1
1.74,0.33,0.15,299.2,0.69,1
2.12,0.09,0.09,165.83,0.81,0
0.87,0.57,0.41,219.69,0.67,0
4.66,0.53,0.46,328.67,0.67,0
2.19,-0.19,0.37,178.79,0.27,1
0.68,0.2,0.28,58.82,0.38,1
0.17,-0.09,0.23,99.69,0.93,1
0.23,0.12,0.5,179.44,0.38,1
0.0,0.0,0.36,9.25,0.52,1
3.44,0.35,0.17,170.41,0.16,0
0.08,0.06,0.64,113.71,0.54,1
4.83,0.5,0.03,431.67,0.2,0
0.8,-0.05,0.41,15.54,0.71,0
4.74,0.23,0.25,25.12,0.45,0
0.09,0.92,0.3,323.2,0.68,0
1.94,0.48,0.25,104.62,0.28,1
2.87,0.37,0.44,36.73,0.37,1
0.0,0.0,0.25,9.43,0.48,1
1.49,0.18,0.49,461.39,0.44,0
0.25,0.56,0.44,347.03,0.29,0
0.23,-0.08,0.17,60.7,0.91,1
3.92,0.42,0.06,34.09,0.89,0
4.26,-0.44,0.37,56.62,0.28,0
0.22,-0.07,0.29,82.97,0.92,1
0.09,0.05,0.6,148.16,0.62,1
3.19,-0.23,0.23,377.15,0.15,0
0.0,0.0,0.39,9.5,0.53,1
3.81,0.31,0.04,32.96,0.78,1
0.08,0.05,0.64,124.41,0.54,1
1.01,0.14,0.13,23.09,0.51,0
1.32,0.54,0.48,496.88,0.11,1
2.79,0.64,0.02,335.6,0.23,1
2.01,0.03,0.13,102.44,0.82,1
1.86,0.71,0.18,352.7,0.81,1
0.24,-0.07,0.25,134.91,0.83,1
0.83,-0.23,0.02,104.9,0.86,1
1.25,0.83,0.34,93.33,0.58,0
1.02,0.86,0.45,58.19,0.74,0
0.19,-0.13,0.28,119.34,0.97,1
2.33,-0.14,0.32,99.89,0.3,0
4.37,0.46,0.26,297.91,0.4,0
4.1,0.3,0.32,239.31,0.67,0
0.85,0.44,0.32,31.64,0.75,1
4.82,0.35,0.08,261.84,0.85,1
4.31,0.51,0.11,449.04,0.43,1
0.0,0.0,0.25,8.14,0.47,1
2.08,-0.06,0.25,238.57,0.39,0
0.3,-0.41,0.49,469.49,0.89,1
0.44,0.22,0.35,19.52,0.65,0
2.51,0.14,0.13,40.14,0.72,0
1.65,-0.27,0.42,475.43,0.9,0
3.78,-0.09,0.04,28.18,0.5,0
1.45,-0.4,0.03,161.2,0.5,0
2.52,0.87,0.34,433.85,0.74,0
0.19,0.11,0.3,238.73,0.37,1
0.13,0.16,0.19,292.57,0.8,1
3.24,-0.39,0.2,43.73,0.55,1
1.09,0.83,0.3,271.31,0.74,1
0.23,-0.07,0.09,457.46,0.13,0
2.2,0.96,0.31,369.89,0.51,0
3.72,0.7,0.27,30.02,0.83,1
0.0,0.0,0.37,8.35,0.55,1
0.49,0.09,0.13,371.64,0.78,1
0.42,0.32,0.22,499.48,0.33,0
3.93,0.22,0.35,483.08,0.28,0
2.77,0.23,0.08,261.14,0.78,1
0.74,0.41,0.43,91.0,0.24,0
0.21,0.1,0.46,181.87,0.39,1
2.18,-0.33,0.43,268.78,0.58,0
0.61,0.24,0.02,201.03,0.71,0
1.16,0.18,0.19,341.69,0.16,1
1.19,0.31,0.07,468.26,0.56,1
2.13,0.24,0.19,287.72,0.74,0
4.13,0.05,0.34,59.37,0.86,1
2.8,-0.14,0.43,490.12,0.18,0
3.51,-0.15,0.22,343.37,0.68,1
3.06,-0.36,0.36,101.82,0.24,0
4.46,0.34,0.46,32.11,0.15,0
2.92,-0.34,0.45,152.36,0.57,1
4.54,0.12,0.39,446.38,0.63,0
0.29,-0.41,0.21,158.33,0.47,0
0.51,-0.3,0.21,48.64,0.54,1
1.68,0.95,0.03,54.51,0.42,0
3.77,-0.44,0.47,490.39,0.67,0
0.18,-0.08,0.23,63.95,0.97,1
0.36,-0.38,0.08,155.48,0.51,1
0.09,0.04,0.59,95.44,0.59,1
0.27,0.44,0.45,285.58,0.87,0
4.55,0.2,0.36,174.16,0.53,0
2.02,-0.17,0.14,339.43,0.86,1
1.92,0.23,0.1,364.93,0.5,1
3.0,-0.24,0.19,323.29,0.52,0
2.74,0.29,0.44,460.92,0.38,0
0.25,-0.15,0.12,56.83,0.75,1
1.61,-0.16,0.31,214.31,0.67,0
2.14,0.73,0.33,79.77,0.75,0
2.6,0.91,0.43,283.11,0.19,1
0.3,-0.25,0.08,45.2,0.72,1
0.21,0.08,0.42,138.3,0.36,1
0.29,-0.2,0.08,34.72,0.82,1
1.22,0.1,0.19,373.33,0.3,0
0.27,-0.21,0.12,35.48,0.75,1
1.1,-0.43,0.11,285.13,0.9,1
0.12,0.05,0.55,76.49,0.6,1
4.28,0.36,0.4,8.05,0.36,1
0.17,0.1,0.36,268.17,0.4,1
0.01,0.82,0.04,212.18,0.46,0
0.1,0.06,0.64,119.12,0.55,1
1.79,0.59,0.27,321.89,0.85,1
0.74,0.75,0.06,295.0,0.4,1
3.06,0.11,0.3,37.82,0.14,0
0.22,0.13,0.34,202.33,0.39,1
0.27,-0.16,0.12,48.74,0.8,1
0.23,0.1,0.47,118.34,0.41,1
0.73,0.37,0.37,226.18,0.33,0
1.67,-0.44,0.19,386.28,0.17,0
0.19,0.08,0.48,148.76,0.39,1
0.11,0.06,0.64,89.87,0.56,1
3.79,0.44,0.34,446.25,0.68,0
4.03,1.0,0.02,415.74,0.6,1
1.26,0.53,0.11,50.93,0.32,0
1.92,-0.41,0.01,194.3,0.25,1
0.89,0.41,0.48,187.45,0.6,0
0.34,-0.2,0.07,45.54,0.77,1
1.44,0.37,0.29,75.15,0.27,0
3.42,-0.05,0.21,136.68,0.35,0
1.02,0.61,0.07,293.4,0.19,0
0.29,-0.26,0.09,46.37,0.68,1
0.09,0.05,0.52,97.09,0.62,1
3.62,0.19,0.41,473.74,0.26,1
2.55,0.94,0.22,344.4,0.88,1
2.32,-0.16,0.02,23.81,0.76,0
4.48,0.65,0.21,386.55,0.33,1
4.89,0.5,0.18,328.72,0.87,0
1.97,0.68,0.17,96.37,0.53,0
4.51,0.04,0.11,364.75,0.44,0
2.25,-0.16,0.08,261.51,0.13,1
1.64,-0.25,0.45,490.89,0.88,0
2.97,-0.18,0.01,467.63,0.85,0
0.11,0.04,0.5,129.06,0.62,1
0.34,-0.18,0.07,34.25,0.75,1
0.84,-0.48,0.36,175.17,0.35,0
4.1,0.8,0.38,285.06,0.65,0
3.02,-0.07,0.12,206.05,0.83,0
4.64,-0.28,0.28,247.93,0.86,0
2.33,0.58,0.06,338.86,0.72,1
3.85,0.3,0.32,93.55,0.27,1
0.1,0.06,0.37,75.06,0.63,1
4.26,-0.24,0.44,34.89,0.47,0
0.32,-0.16,0.02,357.06,0.76,0
3.23,0.11,0.23,477.4,0.74,0
3.77,0.55,0.02,151.77,0.35,0
0.8,0.66,0.34,165.05,0.13,0
3.65,0.36,0.33,119.88,0.68,1
3.48,0.77,0.17,236.36,0.21,0
0.24,0.12,0.37,266.97,0.36,1
0.2,-0.08,0.21,145.65,0.82,1
3.22,-0.03,0.11,403.86,0.55,1
3.03,0.57,0.35,192.2,0.5,0
0.0,0.0,0.35,6.74,0.51,1
0.09,0.14,0.37,332.8,0.33,0
0.8,0.31,0.09,97.48,0.87,0
2.09,-0.4,0.24,256.42,0.52,1
4.9,0.66,0.43,150.84,0.16,0
2.4,-0.17,0.45,18.41,0.18,0
0.0,0.0,0.34,8.09,0.45,1
3.75,0.18,0.49,337.54,0.82,0
2.62,0.57,0.48,176.11,0.52,0
3.21,-0.28,0.02,371.66,0.47,1
0.09,0.06,0.62,116.8,0.56,1
2.83,-0.3,0.42,271.63,0.17,0
4.58,0.02,0.36,134.55,0.69,0
3.39,0.23,0.49,174.43,0.71,1
4.16,-0.24,0.36,493.87,0.39,0
4.5,0.35,0.29,381.42,0.2,0
0.08,0.04,0.41,121.52,0.63,1
4.19,-0.47,0.04,264.15,0.28,1
0.1,0.04,0.57,90.41,0.56,1
0.35,0.99,0.18,100.2,0.7,0
2.76,-0.23,0.32,350.45,0.19,0
2.38,-0.2,0.41,280.08,0.68,1
2.87,0.87,0.37,22.72,0.68,1
3.64,0.96,0.37,379.2,0.13,0
0.21,-0.08,0.25,119.56,0.88,1
0.16,0.08,0.34,118.44,0.37,1
0.0,0.0,0.26,13.47,0.48,1
1.65,-0.47,0.04,386.37,0.61,0
2.37,0.7,0.27,230.62,0.12,1
3.69,0.29,0.09,279.21,0.11,0
0.05,0.62,0.16,68.58,0.69,1
0.0,0.0,0.27,7.24,0.52,1
0.09,0.05,0.44,101.62,0.66,1
4.32,0.9,0.38,118.38,0.27,0
1.72,0.96,0.23,135.37,0.72,0
0.11,0.05,0.58,127.19,0.57,1
2.34,0.97,0.27,103.74,0.65,1
4.56,-0.24,0.16,194.38,0.62,0
0.17,-0.09,0.21,104.02,0.88,1
0.38,0.62,0.08,480.99,0.69,1
0.68,-0.01,0.01,26.67,0.16,0
2.54,-0.44,0.4,353.84,0.51,0
0.0,0.0,0.34,12.33,0.51,1
1.1,0.66,0.35,200.71,0.64,0
0.22,0.09,0.35,124.84,0.4,1
1.3,0.55,0.16,444.86,0.34,0
4.55,-0.2,0.49,27.04,0.2,1
0.06,-0.07,0.18,236.21,0.56,0
1.45,0.51,0.47,14.41,0.22,0
2.99,-0.4,0.36,480.98,0.35,0
3.71,0.21,0.38,40.44,0.63,1
0.04,0.08,0.03,406.98,0.88,0
3.58,0.2,0.44,314.33,0.61,1
4.15,0.42,0.47,493.95,0.21,0
4.39,-0.39,0.43,374.93,0.43,1
0.94,0.59,0.47,424.69,0.64,1
2.24,0.35,0.35,93.95,0.54,0
1.44,0.02,0.49,74.28,0.44,0
2.15,0.71,0.3,11.43,0.2,0
4.98,-0.29,0.08,480.31,0.39,0
3.26,0.11,0.07,19.43,0.68,0
3.69,-0.26,0.07,67.35,0.7,0
0.0,0.0,0.33,9.55,0.55,1
0.38,0.68,0.26,425.46,0.41,0
4.57,-0.44,0.15,322.59,0.88,1
0.22,-0.11,0.25,74.03,0.85,1
1.2,0.64,0.41,202.78,0.82,1
2.72,-0.21,0.35,413.83,0.83,1
0.07,0.05,0.33,74.92,0.29,0
0.33,0.42,0.49,194.05,0.63,1
0.09,0.04,0.57,139.55,0.64,1
1.67,-0.17,0.19,492.14,0.37,0
0.2,0.09,0.49,140.84,0.43,1
0.18,0.13,0.29,119.84,0.42,1
0.78,0.78,0.43,263.3,0.45,1
1.72,-0.39,0.33,485.77,0.22,0
0.48,-0.14,0.41,454.93,0.67,0
3.1,-0.42,0.06,6.43,0.39,0
2.73,0.92,0.33,474.31,0.7,0
3.68,-0.36,0.04,210.29,0.11,0
0.1,0.05,0.38,82.49,0.66,1
3.93,0.99,0.18,281.84,0.28,0
4.67,0.55,0.48,221.77,0.78,0
2.86,0.22,0.5,381.2,0.85,0
4.93,0.75,0.43,115.32,0.77,0
1.1,0.22,0.4,162.94,0.16,0
4.82,0.33,0.14,453.88,0.66,0
0.16,-0.08,0.26,75.24,0.85,1
1.23,-0.22,0.41,100.75,0.49,0
4.81,0.37,0.38,132.41,0.18,1
4.23,0.3,0.14,280.73,0.64,0
1.84,0.92,0.2,445.95,0.59,1
1.31,-0.49,0.39,27.39,0.86,0
2.78,0.26,0.36,138.99,0.47,0
3.1,-0.14,0.02,104.52,0.63,0
4.83,1.0,0.39,293.68,0.25,1
1.13,-0.49,0.48,461.21,0.22,0
1.07,0.68,0.31,291.51,0.4,0
1.43,0.07,0.05,377.3,0.47,0
3.14,0.6,0.1,295.76,0.51,0
1.71,0.92,0.49,484.98,0.22,0
0.09,0.06,0.38,57.77,0.63,1
0.31,-0.45,0.44,158.85,0.59,0
4.55,-0.39,0.43,8.99,0.34,0
3.6,0.74,0.48,351.69,0.45,0
3.8,0.28,0.43,276.13,0.19,1
1.57,0.11,0.06,383.37,0.53,0
3.27,0.57,0.07,82.95,0.14,0
0.0,0.0,0.22,10.38,0.46,1
0.41,0.97,0.43,348.83,0.44,0
0.22,0.08,0.42,251.33,0.39,1
4.97,0.79,0.35,272.42,0.37,0
0.28,0.59,0.13,95.89,0.12,1
0.59,-0.02,0.07,494.15,0.56,0
0.92,-0.05,0.12,117.26,0.18,1
0.12,0.04,0.41,131.49,0.66,1
4.82,0.65,0.36,92.66,0.28,0
2.04,0.55,0.31,441.18,0.74,1
0.23,0.12,0.42,274.31,0.38,1
4.15,0.49,0.33,352.32,0.18,0
0.21,-0.11,0.22,100.31,0.98,1
3.48,-0.11,0.31,365.05,0.11,0
0.38,-0.32,0.05,123.0,0.59,0
0.21,0.08,0.33,266.15,0.38,1
2.71,0.27,0.21,195.74,0.16,0
0.53,0.03,0.01,43.65,0.15,1
0.79,0.34,0.38,62.56,0.62,0
1.42,0.25,0.45,183.51,0.27,0
0.11,0.04,0.39,122.48,0.63,1
4.19,-0.25,0.16,131.41,0.83,0
1.76,0.36,0.47,185.2,0.53,1
0.78,0.55,0.01,340.01,0.31,0
0.0,0.0,0.26,10.56,0.53,1
4.07,0.43,0.12,61.69,0.47,0
1.73,0.48,0.31,351.56,0.41,1
1.81,0.8,0.42,137.09,0.78,0
0.4,-0.14,0.15,368.78,0.67,0
0.14,0.04,0.37,492.45,0.56,0
1.69,0.56,0.49,56.8,0.72,0
2.72,-0.3,0.14,378.39,0.26,1
3.72,-0.23,0.33,495.67,0.39,0
1.89,-0.16,0.15,333.87,0.42,1
1.51,0.75,0.0,383.08,0.18,0
1.05,0.64,0.49,457.45,0.18,0
3.38,-0.33,0.44,303.98,0.14,0
1.22,-0.33,0.01,127.95,0.83,0
0.28,-0.25,0.08,42.42,0.7,1
0.33,-0.21,0.11,38.24,0.81,1
0.17,0.07,0.33,174.11,0.43,1
0.48,0.37,0.01,496.68,0.37,0
3.94,-0.36,0.37,96.66,0.22,1
4.74,0.95,0.01,215.19,0.6,1
0.0,0.0,0.34,6.64,0.53,1
3.66,0.69,0.37,295.57,0.8,0
0.34,-0.18,0.07,37.12,0.81,1
1.28,0.85,0.33,436.88,0.46,1
3.0,0.81,0.3,103.36,0.18,0
3.37,0.74,0.43,286.9,0.32,0
2.79,0.57,0.26,135.17,0.12,1
2.48,-0.37,0.24,19.8,0.35,0
4.53,0.86,0.43,85.67,0.41,1
0.81,0.03,0.18,125.72,0.19,0
4.44,0.2,0.19,36.53,0.57,0
2.76,0.85,0.43,131.21,0.57,0
4.56,0.65,0.19,69.66,0.66,0
3.17,-0.42,0.45,173.11,0.74,0
0.0,0.0,0.24,7.06,0.49,1
1.78,0.49,0.2,131.44,0.85,1
3.43,0.2,0.08,326.92,0.25,0
3.7,0.85,0.17,388.83,0.74,1
0.1,0.06,0.5,124.14,0.66,1
0.92,0.88,0.43,397.19,0.89,0
2.14,-0.43,0.03,101.22,0.22,1
0.48,0.22,0.38,433.98,0.23,0
4.42,0.25,0.18,190.81,0.58,0
0.19,-0.07,0.24,96.3,0.9,1
0.85,1.0,0.29,438.25,0.54,1
0.27,-0.22,0.09,39.38,0.75,1
0.11,0.05,0.36,87.59,0.61,1
0.1,0.06,0.36,117.85,0.61,1
4.54,0.63,0.03,254.69,0.57,1
4.35,0.55,0.03,36.8,0.84,1
3.27,0.26,0.21,49.68,0.47,0
3.85,0.34,0.27,34.06,0.34,0
1.48,0.23,0.07,365.19,0.69,1
3.16,-0.0,0.37,36.08,0.6,0
1.01,0.62,0.14,432.47,0.38,0
2.45,-0.03,0.12,84.33,0.67,1
0.0,0.0,0.28,5.67,0.52,1
0.35,-0.19,0.09,31.22,0.82,1
0.7,-0.09,0.43,10.31,0.68,0
4.55,-0.47,0.37,423.96,0.25,1
0.4,0.16,0.04,29.44,0.33,0
0.26,-0.22,0.13,36.8,0.78,1
1.77,-0.21,0.43,275.3,0.77,0
3.61,0.75,0.18,121.6,0.75,0
3.01,0.41,0.44,294.26,0.3,0
1.08,0.07,0.2,261.3,0.12,1
3.61,-0.21,0.09,12.59,0.56,0
0.7,0.58,0.26,190.72,0.7,1
2.95,0.34,0.15,91.99,0.5,0
1.41,0.84,0.49,410.15,0.88,1
0.04,-0.07,0.02,35.86,0.5,0
0.1,0.05,0.46,59.04,0.64,1
1.33,-0.21,0.17,298.88,0.33,0
0.22,0.11,0.34,117.52,0.42,1
0.31,-0.24,0.13,32.2,0.69,1
0.21,-0.08,0.27,92.2,0.81,1
0.09,0.04,0.39,130.56,0.58,1
0.1,0.06,0.5,80.94,0.63,1
3.54,0.78,0.27,148.19,0.34,1
4.72,0.67,0.16,122.34,0.23,0
4.81,0.99,0.45,2.37,0.71,0
1.46,-0.16,0.25,461.12,0.84,0
2.21,0.52,0.09,58.64,0.35,0
3.41,-0.12,0.43,118.88,0.77,1
4.15,0.02,0.1,256.32,0.79,0
0.17,-0.1,0.3,68.67,0.96,1
3.57,0.59,0.43,100.88,0.41,1
4.88,0.35,0.35,330.59,0.58,0
4.66,0.45,0.47,151.51,0.7,0
0.0,0.0,0.33,5.14,0.52,1
0.98,0.19,0.44,119.38,0.48,1
4.4,-0.34,0.23,491.32,0.3,1
2.04,0.08,0.42,153.55,0.11,0
3.47,0.74,0.05,75.87,0.59,0
0.3,-0.15,0.08,29.23,0.78,1
1.93,-0.45,0.19,319.34,0.7,0
1.97,0.23,0.17,398.48,0.51,1
1.26,0.96,0.03,61.38,0.62,0
4.54,-0.49,0.43,478.75,0.1,0
3.55,0.03,0.43,80.45,0.29,0
4.59,0.17,0.09,67.14,0.66,1
0.96,-0.13,0.06,312.37,0.15,0
1.49,0.97,0.26,326.0,0.84,0
4.87,0.12,0.19,199.96,0.47,0
2.51,0.06,0.02,409.24,0.83,0
0.88,0.19,0.23,445.54,0.65,1
4.31,-0.21,0.31,163.76,0.51,0
2.98,-0.48,0.24,256.12,0.46,1
1.11,0.72,0.04,142.73,0.65,0
0.34,-0.14,0.12,29.7,0.8,1
1.51,0.04,0.04,364.18,0.78,0
0.68,0.23,0.19,356.77,0.27,0
2.37,0.4,0.1,107.35,0.34,0
4.86,-0.32,0.46,285.15,0.21,0
4.37,0.58,0.14,174.66,0.9,0
0.49,0.19,0.43,250.93,0.87,0
2.28,-0.06,0.33,307.23,0.19,0
1.72,-0.26,0.03,317.08,0.84,1
4.08,0.3,0.49,19.85,0.73,0
0.18,-0.1,0.27,123.94,0.86,1
2.75,-0.35,0.45,438.93,0.13,0
3.86,0.86,0.05,37.09,0.11,1
4.02,0.83,0.18,429.65,0.65,1
0.18,0.07,0.31,223.64,0.38,1
0.56,-0.4,0.02,163.08,0.75,0
3.43,0.34,0.03,239.13,0.25,0
3.12,0.91,0.34,342.15,0.88,0
2.44,0.52,0.12,63.31,0.74,1
0.27,-0.23,0.12,50.47,0.77,1
0.16,-0.09,0.31,128.84,0.92,1
2.07,-0.38,0.18,328.27,0.27,0
1.79,-0.36,0.47,191.66,0.31,1
1.53,0.46,0.31,449.39,0.75,0
0.0,0.0,0.29,11.38,0.52,1
0.08,0.05,0.49,103.31,0.58,1
0.2,0.12,0.49,231.83,0.44,1
2.96,-0.42,0.24,448.01,0.56,0
0.81,0.14,0.21,320.46,0.46,0
0.16,0.13,0.3,200.87,0.43,1
0.2,0.12,0.35,275.25,0.36,1
1.73,0.31,0.14,49.97,0.74,0
0.18,0.1,0.34,167.19,0.36,1
1.97,0.73,0.3,401.75,0.81,0
2.93,0.75,0.33,65.3,0.73,0
4.85,-0.2,0.48,117.2,0.29,0
0.31,-0.22,0.08,35.68,0.79,1
4.15,0.64,0.34,130.14,0.54,0
1.22,-0.25,0.48,118.03,0.25,0
4.84,0.25,0.33,64.55,0.49,1
0.18,0.09,0.45,201.51,0.41,1
1.8,0.54,0.21,55.25,0.62,0
0.56,-0.33,0.24,456.11,0.52,0
1.2,-0.5,0.18,35.42,0.78,0
0.23,0.1,0.37,164.98,0.37,1
3.99,0.9,0.09,280.49,0.48,1
1.84,0.55,0.3,444.86,0.61,0
3.19,0.15,0.1,8.86,0.8,0
3.42,0.78,0.14,117.96,0.33,0
2.21,0.94,0.33,427.46,0.89,0
3.96,-0.08,0.06,428.74,0.28,0
0.2,0.32,0.31,398.27,0.61,0
2.67,0.26,0.4,306.79,0.55,1
2.05,0.0,0.35,447.19,0.42,0
3.42,-0.05,0.08,1.09,0.2,0
4.19,0.52,0.22,460.05,0.36,1
0.24,0.08,0.3,228.64,0.39,1
1.38,-0.11,0.2,370.91,0.83,0
3.62,0.22,0.07,304.16,0.32,0
4.89,0.51,0.49,408.7,0.11,1
3.13,0.82,0.12,85.0,0.61,0
1.26,0.67,0.19,405.24,0.2,0
2.91,-0.2,0.24,497.07,0.45,1
2.08,0.26,0.41,394.28,0.27,0
0.11,0.05,0.37,95.84,0.62,1
0.06,0.3,0.32,492.32,0.73,1
3.98,0.29,0.3,229.96,0.55,1
3.12,0.55,0.17,316.32,0.63,0
3.18,0.12,0.3,409.11,0.2,0
0.1,0.06,0.35,138.42,0.61,1
0.28,-0.21,0.12,42.97,0.74,1
1.64,-0.32,0.5,136.59,0.72,0
4.57,0.72,0.3,146.96,0.57,0
1.49,-0.16,0.49,128.83,0.1,1
1.39,-0.18,0.42,329.87,0.24,0
4.82,-0.13,0.4,274.5,0.56,0
4.94,0.49,0.21,145.14,0.12,0
3.8,0.02,0.26,169.01,0.27,1
4.08,-0.14,0.48,42.99,0.23,1
4.97,0.94,0.48,368.84,0.24,0
3.14,0.1,0.33,307.86,0.57,0
4.02,0.16,0.06,140.34,0.46,0
3.5,-0.28,0.04,289.98,0.32,1
2.08,0.44,0.18,463.09,0.14,1
1.84,0.55,0.45,114.94,0.6,0
0.82,0.65,0.41,56.35,0.7,0
0.31,-0.15,0.11,52.53,0.7,1
3.23,0.25,0.48,150.97,0.65,0
2.82,-0.26,0.05,194.88,0.67,0
4.56,-0.13,0.35,386.33,0.32,0
1.72,-0.39,0.16,277.43,0.83,0
4.49,0.45,0.15,307.21,0.13,0
0.25,-0.2,0.1,35.43,0.74,1
4.55,-0.24,0.29,144.58,0.66,0
4.38,-0.13,0.01,75.47,0.22,1
1.44,0.88,0.15,425.42,0.18,0
1.6,0.3,0.25,456.4,0.78,0
3.04,0.65,0.34,371.42,0.89,0
4.12,0.43,0.09,400.04,0.43,0
1.5,-0.19,0.24,172.09,0.21,0
0.2,0.1,0.31,242.97,0.38,1
3.22,0.38,0.2,321.91,0.45,0
0.11,0.04,0.5,62.56,0.55,1
0.0,0.0,0.31,12.87,0.47,1
0.2,0.91,0.05,286.08,0.63,0
0.18,-0.12,0.26,50.28,0.9,1
4.64,0.94,0.24,339.52,0.73,0
0.2,-0.1,0.26,97.66,0.83,1
0.6,0.5,0.31,209.18,0.5,1
1.12,0.05,0.4,199.24,0.8,1
2.74,-0.45,0.38,383.63,0.12,1
4.01,0.87,0.23,2.84,0.73,0
2.24,0.28,0.21,487.3,0.64,1
4.05,-0.07,0.27,303.94,0.31,0
3.12,-0.35,0.0,193.52,0.85,0
0.12,0.04,0.4,65.63,0.59,1
2.73,0.71,0.12,238.15,0.42,0
1.02,-0.38,0.09,115.82,0.13,0
1.36,-0.22,0.21,139.85,0.32,1
0.29,-0.2,0.1,43.51,0.69,1
0.58,-0.26,0.34,444.05,0.35,1
0.12,0.04,0.58,50.97,0.55,1
2.04,0.1,0.11,245.33,0.67,0
0.16,-0.0,0.2,215.28,0.17,0
0.22,-0.49,0.31,141.34,0.87,1
0.31,-0.25,0.12,28.83,0.77,1
2.55,-0.28,0.35,159.01,0.73,0
2.06,-0.21,0.09,460.03,0.83,0
0.2,-0.13,0.29,135.38,0.86,1
2.55,0.08,0.19,491.26,0.39,0
2.35,-0.45,0.21,60.86,0.15,0
3.67,0.03,0.41,126.98,0.84,1
2.0,0.83,0.35,29.42,0.7,0
2.0,0.9,0.41,287.85,0.29,1
2.13,-0.07,0.06,121.12,0.35,0
1.2,-0.03,0.19,432.27,0.5,0
0.11,0.06,0.38,59.28,0.56,1
0.93,-0.22,0.32,79.24,0.52,1
0.85,0.25,0.26,233.44,0.36,0
3.3,0.92,0.16,445.89,0.78,0
4.77,0.23,0.08,452.29,0.15,0
4.17,0.23,0.3,8.46,0.65,0
4.7,0.09,0.12,153.51,0.69,0
0.17,-0.11,0.19,76.32,0.88,1
3.28,0.82,0.43,475.0,0.19,1
4.19,0.65,0.46,198.44,0.17,0
4.89,-0.42,0.36,241.88,0.39,1
0.18,-0.08,0.27,64.71,0.99,1
3.82,-0.15,0.34,389.62,0.68,1
3.33,0.82,0.26,66.23,0.23,0
0.23,0.12,0.49,140.27,0.36,1
2.65,0.26,0.12,26.89,0.19,1
3.78,0.31,0.02,246.53,0.26,1
4.56,-0.18,0.07,483.05,0.45,0
3.4,-0.11,0.5,29.57,0.36,1
1.96,0.7,0.15,167.55,0.25,1
0.19,0.13,0.3,287.91,0.36,1
3.63,0.13,0.24,295.78,0.61,0
0.22,0.07,0.5,171.31,0.39,1
1.66,-0.48,0.11,154.87,0.76,0
4.01,-0.02,0.28,295.75,0.47,1
0.99,0.21,0.07,400.59,0.2,0
0.0,0.0,0.32,7.2,0.48,1
0.33,-0.21,0.1,45.22,0.79,1
3.51,-0.05,0.27,51.8,0.44,0
0.23,0.13,0.44,150.33,0.38,1
4.03,-0.46,0.15,295.2,0.59,0
2.82,-0.38,0.32,163.3,0.81,1
0.57,0.81,0.28,299.97,0.45,0
1.95,0.65,0.42,31.16,0.22,1
3.86,-0.02,0.48,4.36,0.4,0
3.62,0.86,0.49,76.94,0.83,1
4.3,0.39,0.28,13.4,0.28,0
4.93,-0.23,0.48,4.3,0.37,0
4.91,-0.4,0.35,330.52,0.26,1
1.39,-0.41,0.39,88.04,0.63,0
0.29,-0.18,0.08,41.96,0.69,1
0.36,-0.15,0.08,53.29,0.68,1
3.17,0.49,0.43,142.76,0.51,0
3.6,-0.29,0.0,57.92,0.29,0
2.32,0.96,0.07,332.45,0.2,0
1.74,-0.25,0.42,140.08,0.83,0
0.0,0.0,0.38,5.7,0.46,1
0.2,0.11,0.33,119.92,0.44,1
0.0,0.0,0.31,13.69,0.49,1
0.28,-0.17,0.1,31.18,0.81,1
0.23,-0.08,0.17,141.22,0.88,1
5.0,0.18,0.21,145.16,0.84,0
0.55,0.18,0.41,386.0,0.62,1
0.44,0.33,0.4,247.77,0.58,0
0.33,-0.16,0.31,347.51,0.62,1
3.02,0.13,0.4,201.59,0.44,0
1.44,0.78,0.26,340.34,0.54,0
0.5,0.35,0.48,334.71,0.24,1
4.37,0.91,0.22,64.68,0.13,1
3.19,0.4,0.19,415.94,0.27,0
2.41,0.17,0.1,106.96,0.21,0
2.84,-0.03,0.14,436.26,0.64,0
4.73,0.68,0.5,170.81,0.24,0
0.0,0.0,0.33,9.43,0.49,1
0.2,-0.09,0.17,50.74,0.92,1
0.0,0.0,0.38,10.04,0.52,1
0.22,0.12,0.36,220.03,0.4,1
0.33,0.59,0.12,54.03,0.41,0
3.34,-0.13,0.32,68.69,0.54,1
0.09,0.06,0.38,89.48,0.62,1
1.07,-0.13,0.5,287.64,0.33,0
4.51,0.53,0.04,467.58,0.27,0
2.14,0.09,0.01,374.25,0.35,0
3.08,0.93,0.35,295.12,0.65,0
4.78,-0.39,0.3,497.53,0.75,1
0.54,0.44,0.04,116.69,0.12,0
1.75,0.44,0.19,234.19,0.16,0
0.35,0.2,0.48,181.89,0.45,0
0.17,0.08,0.34,277.35,0.37,1
1.68,0.3,0.1,450.77,0.4,0
4.26,-0.34,0.5,26.3,0.55,0
1.62,0.28,0.41,227.98,0.57,0
0.0,0.0,0.31,9.53,0.46,1
3.37,0.35,0.16,192.45,0.42,1
4.89,0.85,0.34,349.85,0.2,1
0.17,-0.07,0.24,80.12,0.86,1
1.65,0.41,0.29,396.27,0.89,0
1.77,-0.02,0.01,444.29,0.28,1
2.78,-0.37,0.23,282.69,0.37,0
0.08,0.04,0.35,64.5,0.64,1
1.68,0.71,0.12,491.21,0.54,0
0.99,0.85,0.42,401.19,0.34,0
0.07,-0.24,0.05,330.91,0.81,0
0.65,0.3,0.41,465.54,0.62,0
0.35,-0.22,0.09,31.69,0.68,1
4.55,0.75,0.18,366.26,0.7,0
2.03,0.85,0.06,432.02,0.52,0
1.6,0.22,0.29,442.92,0.28,0
2.83,0.82,0.17,190.92,0.78,0
3.48,-0.3,0.17,373.5,0.56,1
0.33,-0.21,0.09,40.58,0.68,1
0.25,-0.15,0.09,27.4,0.71,1
3.76,0.75,0.24,223.87,0.78,1
1.15,0.3,0.01,493.0,0.81,1
3.91,0.22,0.3,203.52,0.57,0
3.61,0.91,0.06,386.33,0.23,0
0.26,-0.23,0.11,21.52,0.7,1
4.22,0.74,0.33,213.72,0.61,0
0.31,-0.14,0.1,26.22,0.74,1
2.21,-0.28,0.14,10.45,0.11,1
3.97,0.43,0.02,308.52,0.89,0
0.17,0.11,0.33,178.55,0.37,1
0.32,-0.2,0.12,29.81,0.76,1
0.1,0.05,0.45,60.5,0.65,1
0.05,0.71,0.08,62.4,0.54,1
2.7,0.52,0.12,413.43,0.63,0
0.0,0.0,0.36,10.97,0.52,1
0.25,-0.23,0.11,37.45,0.79,1
0.24,-0.21,0.47,264.45,0.29,0
3.01,0.53,0.02,5.55,0.24,0
0.6,0.08,0.13,153.33,0.85,0
0.32,-0.08,0.02,57.13,0.71,0
2.46,0.55,0.39,315.92,0.81,0
4.97,0.93,0.04,15.28,0.86,0
0.33,-0.25,0.08,33.67,0.69,1
1.72,0.59,0.3,459.75,0.19,1
2.95,0.8,0.5,285.88,0.44,0
2.76,-0.25,0.01,316.32,0.2,0
0.52,0.51,0.21,21.71,0.14,1
3.06,-0.14,0.47,111.53,0.37,0
1.01,0.07,0.29,106.02,0.28,1
0.21,-0.11,0.3,116.2,0.93,1
1.36,-0.42,0.02,85.75,0.59,0
4.83,0.51,0.16,426.55,0.11,0
2.36,0.4,0.48,41.46,0.46,1
4.6,0.9,0.38,56.97,0.8,1
0.86,0.7,0.41,233.6,0.53,1
4.85,0.57,0.36,148.54,0.18,0
2.7,-0.11,0.4,363.95,0.28,1
2.93,0.75,0.31,6.67,0.71,0
0.18,0.13,0.43,297.32,0.4,1
0.08,0.05,0.62,128.74,0.61,1
4.45,-0.24,0.32,18.06,0.74,0
1.24,0.47,0.36,412.8,0.84,0
4.84,-0.45,0.26,161.96,0.5,0
1.83,0.51,0.03,392.33,0.58,1
2.16,-0.39,0.37,159.52,0.49,1
2.7,-0.47,0.38,468.38,0.66,1
0.16,-0.12,0.3,65.54,0.83,1
0.75,0.96,0.03,475.11,0.13,0
2.61,0.56,0.18,403.89,0.17,0
3.21,-0.41,0.49,94.94,0.77,0
1.84,-0.46,0.37,206.36,0.39,0
0.48,-0.17,0.19,459.89,0.21,0
3.48,0.53,0.48,248.88,0.35,0
4.57,0.21,0.24,252.73,0.71,1
0.0,0.0,0.32,6.81,0.45,1
2.52,-0.14,0.48,47.02,0.33,0
2.26,-0.25,0.02,412.81,0.48,0
0.18,-0.1,0.29,97.67,0.91,1
0.28,0.4,0.21,45.62,0.18,0
2.71,0.12,0.43,438.22,0.45,0
2.62,-0.36,0.32,191.89,0.37,1
1.0,0.57,0.35,92.62,0.9,1
3.67,-0.49,0.46,348.04,0.89,0
4.09,-0.39,0.33,275.9,0.62,1
0.93,0.11,0.09,83.74,0.35,1
1.12,0.34,0.08,74.01,0.87,0
2.67,0.88,0.35,158.88,0.43,0
0.14,0.45,0.18,2.54,0.23,1
3.3,-0.31,0.3,158.63,0.51,0
2.76,0.41,0.14,261.95,0.86,1
0.0,0.0,0.36,7.57,0.54,1
0.2,0.08,0.37,170.66,0.4,1
0.51,-0.25,0.11,367.69,0.53,0
1.19,0.85,0.48,489.3,0.42,0
0.0,0.0,0.36,7.26,0.53,1
4.05,0.1,0.19,131.83,0.9,1
2.37,0.62,0.18,78.13,0.26,1
4.24,0.41,0.41,353.15,0.7,0
2.08,0.47,0.22,485.37,0.78,0
4.92,-0.3,0.37,304.0,0.75,1
3.62,0.75,0.15,384.01,0.34,0
2.01,-0.32,0.19,56.94,0.63,1
0.17,-0.11,0.28,144.39,0.84,1
0.36,-0.24,0.09,37.86,0.69,1
0.01,0.28,0.32,332.79,0.75,0
1.61,0.09,0.28,86.81,0.54,0
0.0,0.0,0.25,8.95,0.49,1
1.27,-0.03,0.18,381.9,0.86,0
0.27,-0.2,0.13,59.45,0.82,1
4.55,0.9,0.28,416.93,0.39,0
2.0,-0.12,0.34,4.76,0.24,1
1.02,0.79,0.33,407.53,0.43,1
4.57,-0.21,0.33,33.62,0.21,0
1.37,0.48,0.41,487.68,0.31,0
0.31,-0.2,0.13,41.5,0.69,1
0.94,0.15,0.46,445.37,0.18,0
0.22,0.11,0.46,165.02,0.42,1
1.7,0.26,0.38,119.87,0.26,1
1.18,0.52,0.31,28.46,0.49,0
3.52,-0.44,0.26,376.71,0.16,0
2.25,0.05,0.39,430.4,0.62,0
0.52,0.29,0.1,338.7,0.15,1
4.81,-0.1,0.19,464.61,0.13,1
2.92,0.44,0.11,86.09,0.77,0
2.81,-0.15,0.39,229.11,0.23,0
1.71,-0.38,0.05,269.8,0.45,1
1.19,0.67,0.16,432.3,0.34,0
0.11,0.04,0.35,61.97,0.59,1
0.9,-0.08,0.0,386.23,0.2,1
0.24,-0.16,0.13,57.22,0.79,1
0.0,0.0,0.29,8.82,0.54,1
0.22,-0.07,0.29,109.06,0.88,1
3.95,-0.44,0.22,373.68,0.39,0
3.36,0.51,0.42,115.8,0.24,0
4.4,0.53,0.5,280.1,0.25,0
3.92,-0.38,0.18,419.66,0.45,1
4.9,-0.09,0.04,313.51,0.76,0
0.0,0.0,0.23,10.34,0.54,1
1.18,0.31,0.12,205.47,0.36,0
0.27,-0.49,0.43,137.81,0.65,0
4.18,-0.47,0.4,370.34,0.66,1
4.87,0.25,0.42,65.63,0.9,0
4.25,0.27,0.11,420.1,0.27,1
0.08,0.06,0.62,98.32,0.57,1
2.3,-0.49,0.2,493.19,0.44,0
0.59,0.57,0.45,354.77,0.23,0
4.55,0.46,0.07,275.69,0.8,0
2.75,0.75,0.3,267.99,0.64,1
4.78,0.91,0.42,492.11,0.7,0
0.25,-0.21,0.08,36.85,0.82,1
0.22,-0.12,0.25,145.32,0.96,1
2.17,-0.05,0.3,114.58,0.14,0
3.09,0.35,0.36,108.34,0.26,1
2.25,0.31,0.47,34.02,0.42,0
0.0,0.0,0.31,14.77,0.49,1
3.64,0.67,0.47,455.84,0.18,0
3.76,-0.47,0.39,282.0,0.55,1
0.19,-0.07,0.26,124.67,0.94,1
1.75,-0.31,0.5,379.33,0.38,0
1.15,0.18,0.11,293.68,0.43,0
2.34,0.26,0.29,496.8,0.44,1
0.23,0.1,0.48,147.78,0.43,1
3.08,0.11,0.16,374.22,0.12,1
1.11,0.83,0.21,372.4,0.83,0
0.52,0.89,0.07,143.82,0.47,0
1.1,0.53,0.17,238.92,0.86,1
4.96,-0.03,0.0,14.01,0.38,0
3.99,0.81,0.01,204.88,0.51,1
0.6,-0.38,0.38,301.49,0.52,0
1.51,-0.02,0.4,420.94,0.21,0
2.4,0.8,0.29,395.04,0.12,0
0.0,0.0,0.27,13.6,0.55,1
3.0,0.32,0.03,331.39,0.15,1
4.84,0.26,0.11,162.13,0.65,1
0.16,0.11,0.47,183.63,0.37,1
4.42,0.62,0.05,497.27,0.51,0
3.08,0.14,0.31,258.65,0.77,0
1.06,-0.47,0.39,263.33,0.31,0
1.28,0.62,0.22,214.24,0.77,1
1.71,-0.12,0.35,235.77,0.33,0
4.96,0.59,0.06,437.59,0.26,0
0.57,-0.19,0.22,455.14,0.32,0
2.49,-0.36,0.32,396.28,0.49,0
4.71,-0.36,0.18,315.94,0.39,0
1.18,-0.35,0.23,88.43,0.47,0
0.19,0.08,0.36,126.5,0.36,1
2.86,0.38,0.5,499.55,0.61,0
0.61,0.76,0.27,482.97,0.51,1
1.62,-0.04,0.07,310.57,0.32,1
2.56,0.14,0.37,176.24,0.47,0
0.75,0.94,0.04,33.97,0.27,1
0.26,-0.37,0.09,221.68,0.13,0
0.18,-0.13,0.26,131.65,0.93,1
3.91,0.82,0.49,388.37,0.62,0
1.67,0.92,0.33,231.91,0.44,0
5.0,0.03,0.27,429.81,0.75,0
0.19,0.1,0.47,130.93,0.39,1
1.52,0.48,0.15,253.05,0.38,0
0.77,0.37,0.2,182.72,0.64,0
1.82,-0.03,0.39,150.12,0.17,1
2.59,-0.16,0.31,205.82,0.65,0
1.93,0.37,0.24,108.34,0.74,1
0.19,0.52,0.15,324.6,0.33,1
1.22,0.56,0.18,196.7,0.64,0
4.18,-0.18,0.05,284.96,0.87,1
2.35,0.44,0.13,191.26,0.67,0
0.06,-0.47,0.39,428.35,0.5,0
0.03,-0.15,0.45,91.47,0.54,0
0.17,-0.12,0.27,144.1,0.95,1
2.54,0.96,0.33,401.53,0.39,1
0.42,0.26,0.23,24.09,0.3,1
0.0,0.0,0.38,9.72,0.54,1
0.0,0.0,0.27,7.66,0.47,1
4.7,0.52,0.05,217.43,0.69,0
3.72,0.72,0.27,300.54,0.72,0
3.89,0.06,0.48,213.17,0.47,1
2.42,0.04,0.09,483.76,0.29,0
4.11,0.91,0.45,99.72,0.86,1
0.09,0.06,0.41,84.2,0.65,1
1.63,0.4,0.14,399.87,0.14,0
0.44,-0.13,0.42,225.43,0.2,0
0.16,0.08,0.5,157.04,0.38,1
4.65,-0.41,0.39,308.76,0.52,1
4.67,-0.06,0.49,413.95,0.26,0
0.19,-0.11,0.17,77.62,0.92,1
1.61,0.59,0.15,485.01,0.49,1
4.89,0.34,0.27,322.43,0.82,1
0.13,-0.09,0.45,268.58,0.57,0
0.0,0.0,0.27,7.16,0.5,1
2.87,0.58,0.22,83.58,0.62,0
1.19,0.22,0.23,147.56,0.15,1
3.61,0.94,0.25,118.6,0.82,1
0.25,-0.15,0.09,49.0,0.77,1
0.34,-0.23,0.08,49.63,0.8,1
0.98,0.81,0.41,182.04,0.58,0
0.81,-0.08,0.3,435.85,0.47,0
1.8,0.47,0.35,93.02,0.51,0
2.78,0.85,0.14,115.61,0.39,0
4.42,0.69,0.31,49.94,0.66,1
0.35,0.12,0.15,91.3,0.66,0
0.0,0.0,0.35,10.47,0.52,1
3.56,0.71,0.4,338.33,0.3,0
4.97,0.73,0.41,233.96,0.26,0
3.06,0.64,0.31,127.6,0.48,0
0.19,0.11,0.41,128.55,0.37,1
1.63,0.9,0.11,380.37,0.51,0
4.57,0.68,0.15,204.86,0.52,0
0.65,0.97,0.07,72.0,0.19,1
0.0,0.0,0.27,10.04,0.51,1
0.0,0.0,0.3,7.72,0.46,1
2.58,0.79,0.03,224.07,0.16,1
0.18,-0.11,0.22,80.25,0.99,1
3.51,0.4,0.39,102.98,0.79,0
0.35,0.96,0.11,435.89,0.19,0
4.93,-0.47,0.36,403.02,0.78,1
4.87,0.37,0.31,344.94,0.13,0
0.1,0.06,0.63,147.88,0.65,1
0.71,-0.21,0.21,372.54,0.13,0
0.69,0.91,0.08,292.35,0.68,1
3.91,-0.01,0.15,138.56,0.76,1
2.26,0.85,0.09,285.11,0.15,1
0.42,0.96,0.03,200.71,0.37,0
2.72,-0.15,0.12,69.67,0.41,1
1.57,-0.34,0.06,14.56,0.28,0
1.78,0.49,0.45,401.98,0.3,1
1.44,-0.45,0.45,215.53,0.24,0
1.84,0.94,0.24,275.83,0.18,1
1.45,0.78,0.38,100.41,0.77,1
0.12,0.06,0.43,69.88,0.57,1
0.02,0.2,0.09,329.82,0.72,0
2.55,-0.09,0.19,273.03,0.48,0
0.2,-0.08,0.21,140.78,0.83,1
1.86,0.79,0.36,165.49,0.57,0
1.04,-0.4,0.32,173.92,0.3,0
3.91,0.59,0.2,55.9,0.38,1
1.02,0.93,0.43,5.8,0.47,1
4.22,0.78,0.14,225.06,0.74,1
0.93,0.43,0.07,339.23,0.68,0
4.99,0.41,0.23,92.93,0.88,0
2.82,-0.4,0.07,485.13,0.41,1
1.84,-0.01,0.06,55.49,0.48,0
2.37,-0.46,0.47,34.79,0.48,0
0.22,0.1,0.44,263.35,0.42,1
1.65,-0.31,0.05,158.39,0.36,1
1.05,0.6,0.11,347.76,0.69,1
4.11,0.67,0.19,480.28,0.47,1
0.18,0.08,0.29,111.14,0.37,1
0.08,0.04,0.64,129.42,0.56,1
0.27,-0.24,0.07,56.31,0.72,1
0.0,0.0,0.28,13.12,0.51,1
4.22,0.75,0.12,137.84,0.4,0
2.14,0.33,0.11,88.03,0.52,1
0.2,0.34,0.34,199.4,0.21,0
1.14,0.25,0.45,449.95,0.24,1
0.0,0.0,0.34,12.78,0.5,1
3.01,-0.34,0.31,463.58,0.42,1
4.79,-0.43,0.3,482.85,0.37,0
0.17,-0.17,0.11,427.81,0.38,0
3.35,-0.04,0.25,347.71,0.41,1
4.26,0.01,0.03,334.14,0.75,0
0.17,-0.11,0.26,123.06,0.91,1
3.1,0.44,0.1,204.69,0.53,0
0.35,-0.22,0.13,35.28,0.77,1
0.52,-0.17,0.33,142.62,0.84,0
1.32,-0.38,0.14,207.09,0.74,0
0.94,0.57,0.45,131.02,0.66,1
0.26,-0.17,0.09,43.62,0.82,1
2.15,0.79,0.46,158.46,0.75,1
1.57,-0.21,0.18,228.35,0.62,1
4.98,0.62,0.28,307.71,0.23,0
0.0,0.0,0.38,12.39,0.52,1
4.43,0.29,0.13,491.57,0.66,0
0.23,0.1,0.32,268.13,0.43,1
2.3,-0.49,0.29,121.3,0.52,0
0.02,0.18,0.16,453.96,0.73,0
0.96,-0.3,0.01,208.98,0.16,0
1.41,0.52,0.27,383.5,0.34,1
0.0,0.0,0.25,7.4,0.48,1
1.4,-0.32,0.19,240.29,0.6,1
4.34,-0.38,0.01,437.12,0.12,1
0.24,0.07,0.3,230.19,0.41,1
0.09,0.06,0.36,104.2,0.6,1
3.85,0.54,0.21,491.36,0.54,0
2.46,0.47,0.39,406.86,0.6,1
3.22,0.16,0.4,283.04,0.41,0
2.74,-0.29,0.09,273.74,0.26,0
3.28,0.19,0.05,442.61,0.85,0
2.43,0.86,0.12,342.96,0.52,0
1.58,-0.0,0.4,432.73,0.65,0
0.9,0.43,0.41,493.29,0.78,1
0.9,-0.22,0.01,176.8,0.37,0
2.12,0.98,0.41,46.48,0.33,1
2.2,0.53,0.0,70.93,0.76,0
1.81,-0.2,0.33,407.0,0.49,0
3.5,0.2,0.37,68.17,0.26,1
1.01,0.24,0.15,253.57,0.33,0
2.28,0.81,0.12,342.82,0.25,0
0.21,0.37,0.12,117.12,0.3,0
1.97,-0.14,0.16,114.05,0.23,1
3.71,0.1,0.48,96.52,0.51,0
1.02,0.45,0.2,143.14,0.35,1
0.9,-0.11,0.37,104.65,0.46,0
3.3,-0.29,0.21,489.13,0.84,0
4.35,0.32,0.18,492.2,0.71,1
3.36,0.48,0.43,308.15,0.78,1
2.1,0.61,0.25,35.47,0.16,1
1.29,-0.48,0.38,63.69,0.71,0
3.17,0.71,0.36,425.95,0.66,0
1.52,0.15,0.07,480.42,0.56,0
4.34,-0.02,0.02,257.17,0.61,0
0.0,0.0,0.29,7.97,0.52,1
1.94,0.74,0.4,218.1,0.29,0
0.0,0.0,0.25,9.99,0.47,1
2.14,0.9,0.18,353.44,0.28,0
3.65,0.25,0.23,362.13,0.11,1
4.16,0.06,0.22,82.59,0.54,0
3.34,-0.26,0.16,455.47,0.65,1
0.2,-0.12,0.27,109.04,0.92,1
4.06,0.69,0.12,370.97,0.43,1
3.99,0.4,0.3,53.84,0.34,0
3.3,0.19,0.17,169.54,0.79,1
1.39,-0.09,0.18,43.12,0.44,0
4.06,0.64,0.48,274.49,0.32,1
0.23,0.08,0.44,195.25,0.43,1
2.04,0.26,0.15,219.28,0.14,1
2.39,-0.38,0.37,219.91,0.75,0
0.1,0.06,0.57,78.81,0.62,1
2.98,0.15,0.04,103.34,0.73,1
0.09,0.06,0.49,59.23,0.63,1
0.18,0.11,0.29,211.54,0.44,1
1.97,0.4,0.35,469.29,0.78,1
4.25,0.66,0.22,41.54,0.64,1
2.26,0.33,0.47,477.24,0.22,1
0.1,0.04,0.4,106.61,0.64,1
0.26,-0.22,0.12,31.78,0.76,1
0.43,0.26,0.23,432.34,0.59,1
2.21,0.83,0.22,406.55,0.72,0
0.1,0.06,0.38,57.32,0.66,1
0.23,-0.09,0.3,135.03,0.91,1
0.22,-0.1,0.2,103.62,0.85,1
2.46,0.07,0.44,69.83,0.62,0
0.21,-0.1,0.25,126.3,0.89,1
2.17,0.88,0.04,437.94,0.83,1
0.1,0.05,0.49,99.65,0.57,1
1.17,-0.36,0.32,274.79,0.68,0
2.99,-0.44,0.25,127.47,0.66,0
0.72,0.45,0.32,27.11,0.44,1
2.16,0.95,0.18,144.55,0.69,0
4.46,0.39,0.07,477.95,0.51,1
0.17,0.11,0.47,233.97,0.38,1
0.97,-0.34,0.4,67.21,0.41,0
0.2,0.12,0.49,230.19,0.4,1
0.99,-0.28,0.18,359.29,0.48,0
3.61,0.37,0.07,276.62,0.89,0
1.23,-0.29,0.43,130.12,0.49,1
0.0,0.0,0.31,6.59,0.53,1
4.5,0.11,0.47,381.68,0.23,1
1.03,0.66,0.24,184.15,0.43,1
1.53,-0.24,0.05,148.39,0.31,1
0.57,0.57,0.36,300.04,0.15,0
2.39,-0.13,0.41,58.99,0.46,0
1.11,0.73,0.14,251.15,0.45,0
4.95,0.22,0.25,408.93,0.2,1
2.72,-0.42,0.45,129.07,0.49,0
3.85,0.38,0.49,375.18,0.57,0
0.11,0.06,0.61,78.61,0.57,1
0.35,-0.23,0.12,29.84,0.78,1
4.79,-0.0,0.09,75.29,0.86,0
1.72,0.52,0.19,244.27,0.3,0
0.1,0.13,0.45,177.62,0.38,0
