Date,SPY,AAPL,SPYR,AAPLR
2015-10-26,207,28.82,,
2015-10-27,206.600006,28.637501,-0.001932338,-0.006332373
2015-10-28,208.949997,29.817499,0.011374593,0.041204643
2015-10-29,208.830002,30.1325,-0.000574276,0.0105643
2015-10-30,207.929993,29.875,-0.004309769,-0.00854559
2015-11-02,210.389999,30.295,0.011830934,0.014058577
2015-11-03,211,30.6425,0.002899382,0.01147054
2015-11-04,210.360001,30.5,-0.003033171,-0.004650404
2015-11-05,210.149994,30.23,-0.000998322,-0.008852459
2015-11-06,210.039993,30.264999,-0.00052344,0.001157757
2015-11-09,208.080002,30.1425,-0.009331513,-0.004047547
2015-11-10,208.559998,29.192499,0.002306786,-0.031516994
2015-11-11,207.740005,29.0275,-0.003931689,-0.005652103
2015-11-12,204.839996,28.93,-0.0139598,-0.003358884
2015-11-13,202.539993,28.084999,-0.011228291,-0.029208469
2015-11-16,205.619995,28.545,0.015206883,0.016378886
2015-11-17,205.470001,28.422501,-0.000729472,-0.004291435
2015-11-18,208.729996,29.3225,0.015866039,0.031665018
2015-11-19,208.550003,29.695,-0.000862325,0.012703555
2015-11-20,209.309998,29.825001,0.003644186,0.004377875
2015-11-23,209.070007,29.4375,-0.001146582,-0.012992489
2015-11-24,209.350006,29.719999,0.00133926,0.009596569
2015-11-25,209.320007,29.5075,-0.000143296,-0.007150034
2015-11-27,209.559998,29.452499,0.001146527,-0.001863967
2015-11-30,208.690002,29.575001,-0.004151537,0.004159308
2015-12-01,210.679993,29.334999,0.009535632,-0.008115029
2015-12-02,208.529999,29.07,-0.010205022,-0.009033544
2015-12-03,205.610001,28.799999,-0.014002772,-0.00928796
2015-12-04,209.619995,29.7575,0.019502913,0.033246564
2015-12-07,208.350006,29.57,-0.00605853,-0.006300933
2015-12-08,206.949997,29.557501,-0.006719505,-0.000422692
2015-12-09,205.339996,28.905001,-0.007779662,-0.022075615
2015-12-10,205.869995,29.0425,0.00258108,0.004756928
2015-12-11,201.880005,28.295,-0.019381115,-0.025738142
2015-12-14,202.899994,28.120001,0.005052452,-0.006184803
2015-12-15,205.029999,27.622499,0.010497807,-0.017692105
2015-12-16,208.029999,27.834999,0.014632005,0.007693004
2015-12-17,204.860001,27.245001,-0.015238177,-0.021196264
2015-12-18,200.020004,26.5075,-0.023625876,-0.027069223
2015-12-21,201.669998,26.8325,0.008249145,0.012260681
2015-12-22,203.5,26.807501,0.00907424,-0.000931669
2015-12-23,206.020004,27.1525,0.012383312,0.012869495
2015-12-24,205.679993,27.0075,-0.001650379,-0.005340208
2015-12-28,205.210007,26.705,-0.002285035,-0.011200592
2015-12-29,207.399994,27.184999,0.010671931,0.017974125
2015-12-30,205.929993,26.83,-0.007087758,-0.013058636
2015-12-31,203.869995,26.315001,-0.01000339,-0.019194894
2016-01-04,201.020004,26.3375,-0.013979453,0.000854988
2016-01-05,201.360001,25.6775,0.001691359,-0.025059326
2016-01-06,198.820007,25.174999,-0.012614193,-0.019569701
2016-01-07,194.050003,24.112499,-0.023991569,-0.04220457
2016-01-08,191.919998,24.24,-0.010976578,0.005287756
2016-01-11,192.110001,24.6325,0.000990011,0.016192244
2016-01-12,193.660004,24.99,0.00806831,0.014513346
2016-01-13,188.830002,24.3475,-0.024940627,-0.025710284
2016-01-14,191.929993,24.879999,0.016416835,0.021870788
2016-01-15,187.809998,24.282499,-0.021466134,-0.024015274
2016-01-19,188.059998,24.165001,0.001331133,-0.004838794
2016-01-20,185.649994,24.1975,-0.01281508,0.001344879
2016-01-21,186.690002,24.075001,0.005601982,-0.005062465
2016-01-22,190.520004,25.355,0.020515303,0.053167142
2016-01-25,187.639999,24.860001,-0.015116549,-0.019522737
2016-01-26,190.199997,24.997499,0.013643136,0.005530893
2016-01-27,188.130005,23.355,-0.010883239,-0.065706533
2016-01-28,189.110001,23.522499,0.005209142,0.007171869
2016-01-29,193.720001,24.334999,0.024377346,0.034541398
2016-02-01,193.649994,24.1075,-0.000361382,-0.009348634
2016-02-02,190.160004,23.620001,-0.018022154,-0.020221881
2016-02-03,191.300003,24.0875,0.005994946,0.019792506
2016-02-04,191.600006,24.15,0.001568233,0.002594707
2016-02-05,187.949997,23.504999,-0.019050151,-0.026708116
2016-02-08,185.419998,23.752501,-0.013461022,0.01052976
2016-02-09,185.429993,23.747499,5.39E-05,-0.000210588
2016-02-10,185.270004,23.567499,-0.0008628,-0.007579746
2016-02-11,182.860001,23.424999,-0.013008058,-0.006046463
2016-02-12,186.630005,23.497499,0.020616887,0.003094984
2016-02-16,189.779999,24.16,0.016878283,0.028194533
2016-02-17,192.880005,24.530001,0.016334735,0.015314611
2016-02-18,192.089996,24.065001,-0.004095857,-0.018956379
2016-02-19,192,24.01,-0.00046851,-0.002285518
2016-02-22,194.779999,24.219999,0.014479161,0.008746314
2016-02-23,192.320007,23.672501,-0.012629592,-0.022605203
2016-02-24,193.199997,24.025,0.004575655,0.014890653
2016-02-25,195.539993,24.190001,0.012111781,0.006867888
2016-02-26,195.089996,24.227501,-0.002301304,0.001550227
2016-02-29,193.559998,24.172501,-0.007842524,-0.002270147
2016-03-01,198.110001,25.1325,0.023506939,0.039714509
2016-03-02,199,25.1875,0.004492449,0.002188401
2016-03-03,199.779999,25.375,0.003919593,0.007444169
2016-03-04,200.429993,25.752501,0.003253549,0.014876887
2016-03-07,200.589996,25.467501,0.000798299,-0.011066886
2016-03-08,198.399994,25.2575,-0.010917803,-0.008245842
2016-03-09,199.380005,25.280001,0.004939572,0.000890864
2016-03-10,199.539993,25.2925,0.000802428,0.000494422
2016-03-11,202.759995,25.565001,0.016137126,0.010773984
2016-03-14,202.5,25.629999,-0.00128228,0.00254246
2016-03-15,202.169998,26.145,-0.00162964,0.02009368
2016-03-16,203.339996,26.4925,0.005787199,0.01329126
2016-03-17,204.630005,26.450001,0.006344099,-0.00160419
2016-03-18,204.380005,26.48,-0.001221717,0.001134178
2016-03-21,204.669998,26.477501,0.001418891,-9.44E-05
2016-03-22,204.559998,26.68,-0.000537451,0.007647965
2016-03-23,203.210007,26.532499,-0.006599487,-0.005528523
2016-03-24,203.119995,26.4175,-0.000442951,-0.004334269
2016-03-28,203.240005,26.297501,0.000590833,-0.004542406
2016-03-29,205.119995,26.92,0.009250098,0.023671413
2016-03-30,206.020004,27.389999,0.004387719,0.017459101
2016-03-31,205.520004,27.247499,-0.002426949,-0.005202629
2016-04-01,206.919998,27.497499,0.00681196,0.009175154
2016-04-04,206.25,27.780001,-0.003237957,0.010273734
2016-04-05,204.190002,27.452499,-0.009987869,-0.011789128
2016-04-06,206.419998,27.74,0.010921181,0.010472671
2016-04-07,203.949997,27.135,-0.0119659,-0.021809661
2016-04-08,204.5,27.165001,0.002696754,0.00110562
2016-04-11,204.020004,27.254999,-0.002347169,0.003313013
2016-04-12,205.919998,27.610001,0.009312783,0.013025207
2016-04-13,208,28.01,0.01010102,0.014487468
2016-04-14,208.009995,28.025,4.81E-05,0.000535523
2016-04-15,207.779999,27.4625,-0.001105697,-0.020071365
2016-04-18,209.240005,26.870001,0.007026692,-0.021574838
2016-04-19,209.899994,26.727501,0.00315422,-0.005303312
2016-04-20,210.100006,26.782499,0.000952892,0.002057731
2016-04-21,208.970001,26.4925,-0.005378415,-0.010827929
2016-04-22,208.970001,26.42,0,-0.002736624
2016-04-25,208.610001,26.27,-0.001722735,-0.005677517
2016-04-26,208.919998,26.0875,0.001486012,-0.006947088
2016-04-27,209.350006,24.455,0.002058242,-0.062577863
2016-04-28,207.449997,23.7075,-0.009075753,-0.030566346
2016-04-29,206.330002,23.434999,-0.005398867,-0.011494295
2016-05-02,207.970001,23.41,0.007948427,-0.001066738
2016-05-03,206.160004,23.795,-0.008703164,0.016445963
2016-05-04,205.009995,23.547501,-0.005578235,-0.010401303
2016-05-05,204.970001,23.309999,-0.000195083,-0.010086081
2016-05-06,205.720001,23.18,0.003659072,-0.005576963
2016-05-09,205.889999,23.1975,0.000826356,0.000754961
2016-05-10,208.449997,23.355,0.012433814,0.006789525
2016-05-11,206.5,23.127501,-0.009354747,-0.009740912
2016-05-12,206.559998,22.584999,0.000290547,-0.023457009
2016-05-13,204.759995,22.629999,-0.00871419,0.001992473
2016-05-16,206.779999,23.469999,0.009865228,0.03711887
2016-05-17,204.850006,23.372499,-0.009333557,-0.00415424
2016-05-18,204.910004,23.639999,0.000292887,0.011445075
2016-05-19,204.199997,23.549999,-0.00346497,-0.003807107
2016-05-20,205.490005,23.805,0.006317375,0.010828068
2016-05-23,205.210007,24.1075,-0.001362587,0.012707414
2016-05-24,207.869995,24.475,0.012962272,0.015244219
2016-05-25,209.279999,24.905001,0.006783105,0.017568989
2016-05-26,209.339996,25.102501,0.000286683,0.007930134
2016-05-27,210.240005,25.0875,0.004299269,-0.00059759
2016-05-31,209.839996,24.965,-0.00190263,-0.00488291
2016-06-01,210.270004,24.615,0.002049218,-0.014019627
2016-06-02,210.910004,24.43,0.003043706,-0.007515742
2016-06-03,210.279999,24.48,-0.00298708,0.002046664
2016-06-06,211.350006,24.657499,0.005088487,0.007250776
2016-06-07,211.679993,24.7575,0.00156133,0.004055602
2016-06-08,212.369995,24.735001,0.003259647,-0.000908775
2016-06-09,212.080002,24.9125,-0.001365508,0.007176026
2016-06-10,210.070007,24.7075,-0.009477532,-0.008228801
2016-06-13,208.449997,24.334999,-0.007711762,-0.015076434
2016-06-14,208.039993,24.365,-0.001966918,0.001232833
2016-06-15,207.75,24.285,-0.001393929,-0.003283398
2016-06-16,208.369995,24.387501,0.002984332,0.004220754
2016-06-17,206.520004,23.8325,-0.008878394,-0.0227576
2016-06-20,207.850006,23.775,0.006440064,-0.002412672
2016-06-21,208.440002,23.977501,0.002838566,0.008517392
2016-06-22,208.100006,23.887501,-0.001631146,-0.003753519
2016-06-23,210.809998,24.025,0.013022546,0.005756107
2016-06-24,203.240005,23.35,-0.03590908,-0.028095734
2016-06-27,199.600006,23.01,-0.017909855,-0.014561028
2016-06-28,203.199997,23.397499,0.018036027,0.016840461
2016-06-29,206.660004,23.6,0.017027594,0.008654814
2016-06-30,209.479996,23.9,0.013645562,0.012711864
2016-07-01,209.919998,23.9725,0.002100449,0.003033473
2016-07-05,208.410004,23.747499,-0.007193188,-0.009385796
2016-07-06,209.660004,23.8825,0.005997793,0.005684851
2016-07-07,209.529999,23.985001,-0.000620075,0.004291887
2016-07-08,212.649994,24.17,0.014890445,0.007713112
2016-07-11,213.399994,24.245001,0.003526922,0.003103062
2016-07-12,214.949997,24.355,0.007263369,0.004536977
2016-07-13,214.919998,24.217501,-0.000139563,-0.005645617
2016-07-14,216.119995,24.6975,0.005583459,0.019820336
2016-07-15,215.830002,24.695,-0.001341815,-0.000101225
2016-07-18,216.410004,24.9575,0.002687309,0.010629682
2016-07-19,216.190002,24.967501,-0.001016598,0.000400721
2016-07-20,217.089996,24.99,0.004162977,0.000901131
2016-07-21,216.270004,24.8575,-0.003777198,-0.005302121
2016-07-22,217.240005,24.665001,0.004485139,-0.007744101
2016-07-25,216.649994,24.334999,-0.002715941,-0.013379363
2016-07-26,216.75,24.1675,0.000461602,-0.006883049
2016-07-27,216.520004,25.737499,-0.001061112,0.064963236
2016-07-28,216.770004,26.084999,0.001154628,0.0135017
2016-07-29,217.119995,26.0525,0.001614573,-0.001245888
2016-08-01,216.940002,26.512501,-0.000829002,0.017656693
2016-08-02,215.550003,26.120001,-0.006407297,-0.014804337
2016-08-03,216.179993,26.4475,0.002922709,0.012538246
2016-08-04,216.410004,26.467501,0.001063979,0.000756253
2016-08-05,218.179993,26.870001,0.008178869,0.015207329
2016-08-08,218.050003,27.092501,-0.000595792,0.00828061
2016-08-09,218.179993,27.202499,0.000596148,0.00406009
2016-08-10,217.639999,27,-0.002474993,-0.007444132
2016-08-11,218.649994,26.9825,0.004640668,-0.000648148
2016-08-12,218.460007,27.045,-0.000868909,0.002316316
2016-08-15,219.089996,27.370001,0.002883773,0.012017046
2016-08-16,217.960007,27.344999,-0.005157648,-0.000913482
2016-08-17,218.369995,27.305,0.001881024,-0.001462754
2016-08-18,218.860001,27.27,0.002243925,-0.001281817
2016-08-19,218.539993,27.34,-0.001462158,0.002566923
2016-08-22,218.529999,27.127501,-4.57E-05,-0.007772458
2016-08-23,218.970001,27.2125,0.002013463,0.003133315
2016-08-24,217.850006,27.0075,-0.005114833,-0.007533303
2016-08-25,217.699997,26.8925,-0.000688588,-0.004258076
2016-08-26,217.289993,26.735001,-0.001883344,-0.005856614
2016-08-29,218.360001,26.705,0.004924332,-0.001122162
2016-08-30,218,26.5,-0.001648658,-0.007676465
2016-08-31,217.380005,26.525,-0.002844014,0.000943396
2016-09-01,217.389999,26.682501,4.60E-05,0.005937832
2016-09-02,218.369995,26.932501,0.004508009,0.009369437
2016-09-06,219.029999,26.924999,0.003022412,-0.000278548
2016-09-07,219.009995,27.09,-9.13E-05,0.006128171
2016-09-08,218.509995,26.379999,-0.002283001,-0.02620897
2016-09-09,213.279999,25.782499,-0.023934814,-0.022649736
2016-09-12,216.339996,26.360001,0.014347323,0.022398992
2016-09-13,213.229996,26.987499,-0.01437552,0.023804931
2016-09-14,213.149994,27.942499,-0.000375191,0.035386754
2016-09-15,215.279999,28.8925,0.009992986,0.033998427
2016-09-16,213.369995,28.73,-0.008872185,-0.005624297
2016-09-19,213.410004,28.395,0.00018751,-0.011660285
2016-09-20,213.419998,28.3925,4.68E-05,-8.80E-05
2016-09-21,215.820007,28.387501,0.011245474,-0.000176068
2016-09-22,217.179993,28.655001,0.006301483,0.009423161
2016-09-23,215.990005,28.1775,-0.005479271,-0.016663793
2016-09-26,214.240005,28.219999,-0.008102227,0.00150826
2016-09-27,215.570007,28.272499,0.006208,0.001860383
2016-09-28,216.639999,28.487499,0.004963548,0.007604563
2016-09-29,214.679993,28.045,-0.009047295,-0.015533094
2016-09-30,216.300003,28.262501,0.007546162,0.007755429
2016-10-03,215.779999,28.129999,-0.002404087,-0.004688262
2016-10-04,214.679993,28.25,-0.005097813,0.004265944
2016-10-05,215.630005,28.262501,0.004425247,0.000442513
2016-10-06,215.779999,28.4725,0.000695608,0.007430305
2016-10-07,215.039993,28.514999,-0.003429447,0.001492633
2016-10-10,216.160004,29.012501,0.005208385,0.017447028
2016-10-11,213.429993,29.075001,-0.012629584,0.002154244
2016-10-12,213.710007,29.334999,0.001311971,0.008942321
2016-10-13,213.009995,29.245001,-0.003275523,-0.003067939
2016-10-14,213.119995,29.407499,0.000516408,0.005556437
2016-10-17,212.380005,29.387501,-0.003472175,-0.000680031
2016-10-18,213.710007,29.3675,0.006262369,-0.000680595
2016-10-19,214.279999,29.280001,0.002667128,-0.00297945
2016-10-20,213.880005,29.264999,-0.001866688,-0.000512363
2016-10-21,213.979996,29.15,0.00046751,-0.003929575
2016-10-24,214.889999,29.4125,0.004252748,0.009005146
2016-10-25,214.169998,29.5625,-0.003350556,0.005099873
2016-10-26,213.740005,28.897499,-0.002007718,-0.022494748
2016-10-27,213.169998,28.620001,-0.002666824,-0.009602838
2016-10-28,212.539993,28.43,-0.002955411,-0.006638749
2016-10-31,212.550003,28.385,4.71E-05,-0.001582835
2016-11-01,211.009995,27.872499,-0.007245392,-0.018055346
2016-11-02,209.740005,27.897499,-0.006018625,0.000896941
2016-11-03,208.779999,27.4575,-0.004577124,-0.015771987
2016-11-04,208.550003,27.209999,-0.001101619,-0.009013967
2016-11-07,213.149994,27.602501,0.022057017,0.014424918
2016-11-08,214.110001,27.764999,0.004503903,0.005887075
2016-11-09,216.380005,27.719999,0.010602046,-0.001620746
2016-11-10,216.919998,26.9475,0.002495577,-0.02786793
2016-11-11,216.419998,27.1075,-0.002304997,0.005937471
2016-11-14,216.589996,26.4275,0.0007855,-0.025085308
2016-11-15,218.279999,26.7775,0.007802775,0.01324378
2016-11-16,217.869995,27.497499,-0.00187834,0.026888208
2016-11-17,218.990005,27.487499,0.005140726,-0.000363669
2016-11-18,218.5,27.514999,-0.002237568,0.001000455
2016-11-21,220.149994,27.932501,0.00755146,0.015173615
2016-11-22,220.580002,27.950001,0.00195325,0.00062651
2016-11-23,220.699997,27.807501,0.000543998,-0.00509839
2016-11-25,221.520004,27.9475,0.003715483,0.005034577
2016-11-28,220.479996,27.8925,-0.004694872,-0.001967976
2016-11-29,220.910004,27.865,0.001950327,-0.000985928
2016-11-30,220.380005,27.629999,-0.002399163,-0.008433555
2016-12-01,219.570007,27.372499,-0.00367546,-0.009319581
2016-12-02,219.679993,27.475,0.000500915,0.003744671
2016-12-05,221,27.2775,0.006008772,-0.007188353
2016-12-06,221.699997,27.487499,0.003167407,0.007698616
2016-12-07,224.600006,27.7575,0.013080781,0.009822683
2016-12-08,225.149994,28.030001,0.002448744,0.009817203
2016-12-09,226.509995,28.487499,0.006040422,0.016321726
2016-12-12,226.25,28.325001,-0.00114783,-0.005704186
2016-12-13,227.759995,28.797501,0.006674011,0.016681376
2016-12-14,225.880005,28.797501,-0.008254259,0
2016-12-15,226.809998,28.955,0.004117199,0.00546919
2016-12-16,225.039993,28.9925,-0.007803911,0.001295113
2016-12-19,225.529999,29.16,0.002177417,0.005777356
2016-12-20,226.399994,29.237499,0.003857558,0.002657716
2016-12-21,225.770004,29.264999,-0.002782641,0.000940573
2016-12-22,225.380005,29.0725,-0.001727417,-0.006577789
2016-12-23,225.710007,29.129999,0.001464203,0.00197778
2016-12-27,226.270004,29.315001,0.002481046,0.00635091
2016-12-28,224.399994,29.190001,-0.008264507,-0.004264029
2016-12-29,224.350006,29.182501,-0.000222763,-0.000256937
2016-12-30,223.529999,28.955,-0.003655034,-0.007795802
2017-01-03,225.240005,29.0375,0.007650007,0.002849249
2017-01-04,226.580002,29.004999,0.005949196,-0.001119277
2017-01-05,226.399994,29.1525,-0.000794457,0.005085365
2017-01-06,227.210007,29.477501,0.003577796,0.011148306
2017-01-09,226.460007,29.747499,-0.003300911,0.00915946
2017-01-10,226.460007,29.7775,0,0.001008522
2017-01-11,227.100006,29.9375,0.002826102,0.005373184
2017-01-12,226.529999,29.8125,-0.002509938,-0.004175365
2017-01-13,227.050003,29.76,0.002295519,-0.001761006
2017-01-17,226.25,30,-0.003523466,0.008064516
2017-01-18,226.75,29.997499,0.002209945,-8.34E-05
2017-01-19,225.910004,29.945,-0.003704503,-0.001750113
2017-01-20,226.740005,30,0.003674034,0.001836701
2017-01-23,226.149994,30.02,-0.002602148,0.000666667
2017-01-24,227.600006,29.9925,0.006411727,-0.000916056
2017-01-25,229.570007,30.469999,0.00865554,0.015920613
2017-01-26,229.330002,30.485001,-0.001045455,0.000492353
2017-01-27,228.970001,30.487499,-0.001569795,8.19E-05
2017-01-30,227.550003,30.407499,-0.006201677,-0.002624026
2017-01-31,227.529999,30.3375,-8.79E-05,-0.002302031
2017-02-01,227.619995,32.1875,0.000395535,0.060980635
2017-02-02,227.770004,32.1325,0.000659033,-0.001708738
2017-02-03,229.339996,32.27,0.006892883,0.004279157
2017-02-06,228.929993,32.572498,-0.001787752,0.00937397
2017-02-07,228.940002,32.8825,4.37E-05,0.009517293
2017-02-08,229.240005,33.009998,0.0013104,0.003877382
2017-02-09,230.600006,33.105,0.005932651,0.002877977
2017-02-10,231.509995,33.029999,0.003946179,-0.002265549
2017-02-13,232.770004,33.322498,0.005442568,0.008855556
2017-02-14,233.699997,33.755001,0.00399533,0.012979309
2017-02-15,234.919998,33.877499,0.005220372,0.003629033
2017-02-16,234.720001,33.837502,-0.000851341,-0.001180636
2017-02-17,235.089996,33.93,0.001576325,0.002733594
2017-02-21,236.490005,34.174999,0.005955204,0.007220719
2017-02-22,236.279999,34.2775,-0.000888012,0.002999298
2017-02-23,236.440002,34.1325,0.000677175,-0.00423018
2017-02-24,236.740005,34.165001,0.001268834,0.000952201
2017-02-27,237.110001,34.232498,0.001562879,0.001975618
2017-02-28,236.470001,34.247501,-0.002699169,0.000438268
2017-03-01,239.779999,34.947498,0.013997539,0.02043936
2017-03-02,238.270004,34.740002,-0.006297418,-0.005937364
2017-03-03,238.419998,34.945,0.000629513,0.005900921
2017-03-06,237.710007,34.834999,-0.0029779,-0.003147832
2017-03-07,237,34.880001,-0.002986862,0.001291862
2017-03-08,236.559998,34.75,-0.001856549,-0.003727093
2017-03-09,236.860001,34.669998,0.00126819,-0.002302216
2017-03-10,237.690002,34.785,0.003504184,0.003317047
2017-03-13,237.809998,34.799999,0.000504842,0.000431192
2017-03-14,236.899994,34.747501,-0.003826601,-0.001508563
2017-03-15,238.949997,35.115002,0.008653453,0.010576329
2017-03-16,238.479996,35.172501,-0.001966943,0.001637448
2017-03-17,237.029999,34.997501,-0.006080162,-0.004975478
2017-03-20,236.770004,35.365002,-0.001096886,0.010500778
2017-03-21,233.729996,34.959999,-0.012839498,-0.011452085
2017-03-22,234.279999,35.355,0.002353155,0.011298656
2017-03-23,234.029999,35.23,-0.001067099,-0.003535568
2017-03-24,233.860001,35.16,-0.000726394,-0.001986943
2017-03-27,233.619995,35.220001,-0.001026281,0.001706513
2017-03-28,235.320007,35.950001,0.007276826,0.020726859
2017-03-29,235.539993,36.029999,0.000934838,0.002225257
2017-03-30,236.289993,35.982498,0.003184173,-0.001318374
2017-03-31,235.740005,35.915001,-0.002327598,-0.001875829
2017-04-03,235.330002,35.924999,-0.001739217,0.000278379
2017-04-04,235.479996,36.192501,0.000637377,0.007446124
2017-04-05,234.779999,36.005001,-0.002972639,-0.005180631
2017-04-06,235.440002,35.915001,0.002811155,-0.002499653
2017-04-07,235.199997,35.834999,-0.001019389,-0.002227537
2017-04-10,235.339996,35.7925,0.000595234,-0.001185963
2017-04-11,235.059998,35.407501,-0.00118976,-0.010756415
2017-04-12,234.029999,35.450001,-0.004381856,0.001200311
2017-04-13,232.509995,35.262501,-0.006494911,-0.005289139
2017-04-17,234.570007,35.4575,0.008859886,0.005529925
2017-04-18,233.869995,35.299999,-0.002984235,-0.004441966
2017-04-19,233.440002,35.169998,-0.001838598,-0.003682748
2017-04-20,235.339996,35.610001,0.008139111,0.012510749
2017-04-21,234.589996,35.567501,-0.003186879,-0.001193485
2017-04-24,237.169998,35.91,0.01099792,0.009629549
2017-04-25,238.550003,36.1325,0.005818632,0.006196046
2017-04-26,238.399994,35.919998,-0.000628837,-0.005881187
2017-04-27,238.600006,35.947498,0.000838977,0.00076559
2017-04-28,238.080002,35.912498,-0.002179396,-0.000973642
2017-05-01,238.679993,36.645,0.002520123,0.020396855
2017-05-02,238.770004,36.877499,0.00037712,0.006344631
2017-05-03,238.479996,36.764999,-0.001214591,-0.003050641
2017-05-04,238.759995,36.6325,0.001174098,-0.003603944
2017-05-05,239.699997,37.240002,0.003937016,0.016583689
2017-05-08,239.660004,38.252499,-0.000166846,0.027188425
2017-05-09,239.440002,38.497501,-0.000917975,0.006404863
2017-05-10,239.869995,38.314999,0.001795828,-0.004740619
2017-05-11,239.380005,38.487499,-0.002042732,0.004502153
2017-05-12,238.979996,39.025002,-0.001671021,0.013965652
2017-05-15,240.300003,38.924999,0.005523504,-0.002562537
2017-05-16,240.080002,38.8675,-0.000915526,-0.001477174
2017-05-17,235.820007,37.5625,-0.017744064,-0.033575609
2017-05-18,236.770004,38.134998,0.004028483,0.015241211
2017-05-19,238.309998,38.264999,0.006504177,0.003408968
2017-05-22,239.520004,38.497501,0.005077445,0.006076101
2017-05-23,240.050003,38.450001,0.002212755,-0.001233846
2017-05-24,240.610001,38.334999,0.002332839,-0.002990949
2017-05-25,241.759995,38.467499,0.004779494,0.003456372
2017-05-26,241.710007,38.4025,-0.000206767,-0.001689712
2017-05-30,241.5,38.4175,-0.000868839,0.0003906
2017-05-31,241.440002,38.189999,-0.000248439,-0.005921806
2017-06-01,243.360001,38.294998,0.007952282,0.002749385
2017-06-02,244.169998,38.862499,0.00332839,0.014819194
2017-06-05,243.990005,38.482498,-0.000737163,-0.00977809
2017-06-06,243.210007,38.612499,-0.003196844,0.003378185
2017-06-07,243.660004,38.842499,0.00185024,0.00595662
2017-06-08,243.779999,38.747501,0.000492469,-0.002445723
2017-06-09,243.410004,37.244999,-0.001517741,-0.038776746
2017-06-12,243.360001,36.355,-0.000205427,-0.023895799
2017-06-13,244.550003,36.647499,0.004889883,0.008045633
2017-06-14,244.240005,36.290001,-0.001267626,-0.009755045
2017-06-15,243.770004,36.072498,-0.001924341,-0.005993469
2017-06-16,242.639999,35.567501,-0.004635538,-0.013999502
2017-06-19,244.660004,36.584999,0.008325111,0.02860752
2017-06-20,243.009995,36.252499,-0.00674409,-0.009088424
2017-06-21,242.949997,36.467499,-0.000246895,0.005930626
2017-06-22,242.839996,36.407501,-0.000452772,-0.001645246
2017-06-23,243.130005,36.57,0.001194239,0.004463338
2017-06-26,243.289993,36.455002,0.000658035,-0.003144599
2017-06-27,241.330002,35.932499,-0.008056192,-0.014332821
2017-06-28,243.490005,36.4575,0.008950412,0.014610757
2017-06-29,241.350006,35.919998,-0.008788858,-0.014743249
2017-06-30,241.800003,36.005001,0.0018645,0.002366453
2017-07-03,242.210007,35.875,0.001695633,-0.003610637
2017-07-05,242.770004,36.022499,0.002312031,0.00411147
2017-07-06,240.550003,35.682499,-0.009144462,-0.009438546
2017-07-07,242.110001,36.044998,0.00648513,0.010159014
2017-07-10,242.369995,36.264999,0.001073867,0.00610351
2017-07-11,242.190002,36.3825,-0.000742637,0.003240066
2017-07-12,244.009995,36.435001,0.007514732,0.001443029
2017-07-13,244.419998,36.942501,0.001680271,0.013928914
2017-07-14,245.559998,37.259998,0.004664103,0.008594356
2017-07-17,245.529999,37.389999,-0.000122166,0.003489023
2017-07-18,245.660004,37.52,0.000529487,0.003476892
2017-07-19,246.990005,37.755001,0.005413991,0.006263353
2017-07-20,247.100006,37.584999,0.000445366,-0.004502768
2017-07-21,246.880005,37.567501,-0.000890332,-0.000465558
2017-07-24,246.820007,38.022499,-0.000243025,0.012111479
2017-07-25,247.419998,38.185001,0.002430885,0.004273838
2017-07-26,247.429993,38.365002,4.04E-05,0.004713919
2017-07-27,247.199997,37.639999,-0.00092954,-0.01889751
2017-07-28,246.910004,37.375,-0.001173111,-0.007040356
2017-07-31,246.770004,37.182499,-0.000567008,-0.005150528
2017-08-01,247.320007,37.512501,0.002228808,0.008875197
2017-08-02,247.440002,39.285,0.000485181,0.047250888
2017-08-03,246.960007,38.892502,-0.001939844,-0.00999104
2017-08-04,247.410004,39.0975,0.001822145,0.005270887
2017-08-07,247.869995,39.702499,0.001859226,0.01547411
2017-08-08,247.259995,40.02,-0.002460967,0.007997003
2017-08-09,247.25,40.264999,-4.04E-05,0.006121914
2017-08-10,243.759995,38.830002,-0.014115288,-0.035638819
2017-08-11,244.119995,39.369999,0.001476863,0.013906695
2017-08-14,246.539993,39.962502,0.009913149,0.015049607
2017-08-15,246.509995,40.400002,-0.000121676,0.010947763
2017-08-16,246.940002,40.237499,0.00174438,-0.004022351
2017-08-17,243.089996,39.465,-0.015590856,-0.019198484
2017-08-18,242.710007,39.375,-0.001563162,-0.002280502
2017-08-21,242.899994,39.302502,0.000782774,-0.001841219
2017-08-22,245.440002,39.945,0.010457011,0.016347509
2017-08-23,244.559998,39.994999,-0.003585414,0.001251696
2017-08-24,243.990005,39.817501,-0.002330688,-0.004438005
2017-08-25,244.559998,39.965,0.002336133,0.003704376
2017-08-28,244.570007,40.3675,4.09E-05,0.010071312
2017-08-29,244.850006,40.727501,0.001144862,0.00891809
2017-08-30,246.009995,40.837502,0.004737549,0.002700902
2017-08-31,247.490005,41,0.006016056,0.003979137
2017-09-01,247.839996,41.012501,0.001414162,0.000304902
2017-09-05,246.059998,40.52,-0.007182045,-0.012008558
2017-09-06,246.899994,40.477501,0.003413785,-0.00104884
2017-09-07,246.869995,40.314999,-0.000121503,-0.004014625
2017-09-08,246.580002,39.657501,-0.001174679,-0.016309017
2017-09-11,249.210007,40.375,0.01066593,0.018092391
2017-09-12,250.050003,40.215,0.003370635,-0.003962848
2017-09-13,250.169998,39.912498,0.000479884,-0.007522119
2017-09-14,250.089996,39.57,-0.000319791,-0.008581222
2017-09-15,249.190002,39.970001,-0.003598681,0.010108693
2017-09-18,249.720001,39.6675,0.002126887,-0.007568201
2017-09-19,249.970001,39.682499,0.001001121,0.000378118
2017-09-20,250.059998,39.017502,0.000360031,-0.016757942
2017-09-21,249.389999,38.3475,-0.002679353,-0.017171832
2017-09-22,249.440002,37.9725,0.000200501,-0.009778995
2017-09-25,248.929993,37.637501,-0.002044616,-0.008822148
2017-09-26,249.080002,38.285,0.000602615,0.01720356
2017-09-27,250.050003,38.557499,0.003894335,0.007117644
2017-09-28,250.350006,38.32,0.001199772,-0.006159606
2017-09-29,251.229996,38.529999,0.003515039,0.005480141
2017-10-02,252.320007,38.452499,0.004338698,-0.00201142
2017-10-03,252.860001,38.619999,0.002140116,0.004356024
2017-10-04,253.160004,38.369999,0.001186439,-0.00647333
2017-10-05,254.660004,38.8475,0.005925107,0.012444645
2017-10-06,254.369995,38.825001,-0.001138809,-0.000579162
2017-10-09,253.949997,38.959999,-0.00165113,0.003477089
2017-10-10,254.619995,38.974998,0.002638307,0.000384985
2017-10-11,255.020004,39.137501,0.001571004,0.004169417
2017-10-12,254.639999,39,-0.001490099,-0.00351328
2017-10-13,254.949997,39.247501,0.001217397,0.006346179
2017-10-16,255.289993,39.970001,0.001333579,0.018408815
2017-10-17,255.470001,40.1175,0.000705112,0.003690243
2017-10-18,255.720001,39.939999,0.000978588,-0.004424528
2017-10-19,255.789993,38.994999,0.000273706,-0.023660491
2017-10-20,257.109985,39.0625,0.005160452,0.001731017
2017-10-23,256.109985,39.0425,-0.003889386,-0.000512
2017-10-24,256.559998,39.275002,0.001757108,0.0059551
2017-10-25,255.289993,39.102501,-0.004950129,-0.004392132
2017-10-26,255.619995,39.352501,0.001292655,0.006393453
2017-10-27,257.709991,40.762501,0.008176184,0.035829997
2017-10-30,256.75,41.68,-0.003725083,0.022508408
2017-10-31,257.149994,42.259998,0.001557912,0.013915499
2017-11-01,257.48999,41.7225,0.00132217,-0.012718836
2017-11-02,257.589996,42.0275,0.000388388,0.007310204
2017-11-03,258.450012,43.125,0.003338701,0.026113854
2017-11-06,258.850006,43.5625,0.001547665,0.010144928
2017-11-07,258.670013,43.702499,-0.000695356,0.00321375
2017-11-08,259.109985,44.060001,0.001700901,0.008180356
2017-11-09,258.170013,43.970001,-0.003627695,-0.002042669
2017-11-10,258.089996,43.6675,-0.000309939,-0.006879713
2017-11-13,258.329987,43.4925,0.000929873,-0.004007557
2017-11-14,257.730011,42.834999,-0.002322518,-0.015117572
2017-11-15,256.440002,42.27,-0.005005273,-0.013190125
2017-11-16,258.619995,42.775002,0.008500987,0.011947055
2017-11-17,257.859985,42.537498,-0.002938713,-0.005552402
2017-11-20,258.299988,42.494999,0.001706364,-0.000999095
2017-11-21,259.98999,43.285,0.006542788,0.018590446
2017-11-22,259.76001,43.740002,-0.000884573,0.010511771
2017-11-24,260.359985,43.7425,0.002309728,5.71E-05
2017-11-27,260.230011,43.522499,-0.000499209,-0.005029456
2017-11-28,262.869995,43.267502,0.01014481,-0.00585897
2017-11-29,262.709991,42.369999,-0.000608681,-0.02074312
2017-11-30,265.01001,42.962502,0.008754973,0.013984022
2017-12-01,264.459991,42.762501,-0.002075465,-0.004655246
2017-12-04,264.140015,42.450001,-0.001209922,-0.007307805
2017-12-05,263.190002,42.41,-0.003596627,-0.000942309
2017-12-06,263.23999,42.252499,0.000189931,-0.00371377
2017-12-07,264.070007,42.330002,0.003153081,0.001834282
2017-12-08,265.51001,42.342499,0.005453111,0.000295228
2017-12-11,266.309998,43.1675,0.003013024,0.019483994
2017-12-12,266.779999,42.924999,0.001764864,-0.005617675
2017-12-13,266.75,43.067501,-0.000112448,0.00331979
2017-12-14,265.660004,43.055,-0.004086208,-0.000290265
2017-12-15,266.51001,43.4925,0.003199601,0.010161421
2017-12-18,268.200012,44.105,0.006341233,0.014082888
2017-12-19,267.170013,43.634998,-0.003840414,-0.010656434
2017-12-20,267.029999,43.587502,-0.000524063,-0.001088484
2017-12-21,267.579987,43.752499,0.002059649,0.00378542
2017-12-22,267.51001,43.752499,-0.000261518,0
2017-12-26,267.190002,42.642502,-0.001196247,-0.025369911
2017-12-27,267.320007,42.650002,0.000486564,0.000175881
2017-12-28,267.869995,42.77,0.002057414,0.002813552
2017-12-29,266.859985,42.307499,-0.003770523,-0.010813678
2018-01-02,268.769989,43.064999,0.007157326,0.017904627
2018-01-03,270.470001,43.057499,0.006325156,-0.000174155
2018-01-04,271.609985,43.2575,0.004214826,0.004644975
2018-01-05,273.420013,43.75,0.00666407,0.011385309
2018-01-08,273.920013,43.587502,0.001828688,-0.00371424
2018-01-09,274.540009,43.5825,0.00226342,-0.000114758
2018-01-10,274.119995,43.572498,-0.001529883,-0.000229496
2018-01-11,276.119995,43.82,0.007296075,0.005680234
2018-01-12,277.920013,44.272499,0.00651897,0.010326312
2018-01-16,276.970001,44.047501,-0.003418293,-0.005082117
2018-01-17,279.609985,44.775002,0.00953166,0.016516283
2018-01-18,279.140015,44.814999,-0.001680805,0.000893289
2018-01-19,280.410004,44.615002,0.004549649,-0.004462725
2018-01-22,282.690002,44.25,0.008130944,-0.008181149
2018-01-23,283.290009,44.259998,0.002122491,0.000225944
2018-01-24,283.179993,43.555,-0.000388351,-0.015928559
2018-01-25,283.299988,42.7775,0.000423741,-0.017850993
2018-01-26,286.579987,42.877499,0.01157783,0.002337654
2018-01-29,284.679993,41.990002,-0.006629891,-0.020698432
2018-01-30,281.76001,41.7425,-0.010257071,-0.005894308
2018-01-31,281.899994,41.857498,0.00049682,0.002754938
2018-02-01,281.579987,41.945,-0.001135179,0.002090474
2018-02-02,275.450012,40.125,-0.021769924,-0.043390154
2018-02-05,263.929993,39.122501,-0.041822539,-0.024984399
2018-02-06,269.130005,40.7575,0.01970224,0.041791781
2018-02-07,267.670013,39.884998,-0.005424858,-0.021407152
2018-02-08,257.630005,38.787498,-0.037508901,-0.027516612
2018-02-09,261.5,39.102501,0.015021523,0.008121251
2018-02-12,265.339996,40.677502,0.014684497,0.040278779
2018-02-13,266,41.084999,0.00248739,0.010017749
2018-02-14,269.589996,41.842499,0.013496226,0.018437386
2018-02-15,273.029999,43.247501,0.012760129,0.033578348
2018-02-16,273.109985,43.107498,0.000292957,-0.003237251
2018-02-20,271.399994,42.962502,-0.006261181,-0.003363591
2018-02-21,270.049988,42.767502,-0.00497423,-0.004538842
2018-02-22,270.399994,43.125,0.001296079,0.008359104
2018-02-23,274.709991,43.875,0.015939338,0.017391304
2018-02-26,277.899994,44.7425,0.011612257,0.01977208
2018-02-27,274.429993,44.5975,-0.01248651,-0.003240767
2018-02-28,271.649994,44.529999,-0.010130084,-0.00151356
2018-03-01,267.700012,43.75,-0.014540703,-0.017516259
2018-03-02,269.079987,44.052502,0.005154931,0.006914331
2018-03-05,272.190002,44.205002,0.011557957,0.003461778
2018-03-06,272.880005,44.1675,0.002535005,-0.000848366
2018-03-07,272.779999,43.7575,-0.000366483,-0.009282844
2018-03-08,274.100006,44.235001,0.00483909,0.010912438
2018-03-09,278.869995,44.994999,0.017402367,0.01718092
2018-03-12,278.519989,45.43,-0.001255087,0.009667763
2018-03-13,276.720001,44.9925,-0.006462689,-0.0096302
2018-03-14,275.299988,44.610001,-0.005131588,-0.008501395
2018-03-15,275,44.662498,-0.001089677,0.001176799
2018-03-16,274.200012,44.505001,-0.002909047,-0.003526381
2018-03-19,270.48999,43.825001,-0.01353035,-0.015279182
2018-03-20,270.950012,43.810001,0.001700699,-0.00034227
2018-03-21,270.429993,42.817501,-0.001919243,-0.022654645
2018-03-22,263.670013,42.212502,-0.024997153,-0.014129713
2018-03-23,258.049988,41.235001,-0.021314616,-0.023156671
2018-03-26,265.109985,43.192501,0.027359029,0.047471807
2018-03-27,260.600006,42.084999,-0.017011728,-0.025641071
2018-03-28,259.829987,41.619999,-0.002954793,-0.011049068
2018-03-29,263.149994,41.945,0.012777613,0.00780877
2018-04-02,257.470001,41.669998,-0.021584621,-0.006556252
2018-04-03,260.769989,42.0975,0.012816981,0.010259228
2018-04-04,263.559998,42.9025,0.010699118,0.019122276
2018-04-05,265.640015,43.200001,0.007892006,0.006934351
2018-04-06,259.720001,42.095001,-0.022285852,-0.025578703
2018-04-09,261,42.512501,0.004928381,0.009918042
2018-04-10,265.149994,43.3125,0.01590036,0.018817971
2018-04-11,263.76001,43.110001,-0.005242255,-0.004675302
2018-04-12,265.929993,43.535,0.008227111,0.009858478
2018-04-13,265.149994,43.682499,-0.002933099,0.003388056
2018-04-16,267.329987,43.955002,0.008221735,0.006238265
2018-04-17,270.190002,44.560001,0.010698444,0.013764054
2018-04-18,270.390015,44.459999,0.000740268,-0.00224421
2018-04-19,268.890015,43.200001,-0.005547542,-0.028340037
2018-04-20,266.609985,41.43,-0.008479415,-0.040972244
2018-04-23,266.570007,41.310001,-0.000149949,-0.002896428
2018-04-24,262.980011,40.735001,-0.013467367,-0.013919148
2018-04-25,263.630005,40.912498,0.002471648,0.004357358
2018-04-26,266.309998,41.055,0.010165736,0.003483092
2018-04-27,266.559998,40.580002,0.000938756,-0.011569797
2018-04-30,264.51001,41.314999,-0.007690531,0.018112296
2018-05-01,264.980011,42.275002,0.001776874,0.023236186
2018-05-02,263.200012,44.142502,-0.006717484,0.044175042
2018-05-03,262.619995,44.2225,-0.002203712,0.001812267
2018-05-04,266.019989,45.9575,0.01294644,0.039233422
2018-05-07,266.920013,46.290001,0.003383295,0.007234967
2018-05-08,266.920013,46.512501,0,0.004806654
2018-05-09,269.5,46.84,0.009665768,0.007041096
2018-05-10,272.019989,47.509998,0.009350609,0.014303971
2018-05-11,272.850006,47.147499,0.003051309,-0.007629952
2018-05-14,272.980011,47.037498,0.000476471,-0.002333125
2018-05-15,271.100006,46.610001,-0.006886969,-0.00908843
2018-05-16,272.23999,47.044998,0.004205031,0.009332697
2018-05-17,272.01001,46.747501,-0.000844769,-0.006323669
2018-05-18,271.329987,46.577499,-0.002499993,-0.003636601
2018-05-21,273.369995,46.907501,0.00751855,0.007085009
2018-05-22,272.609985,46.790001,-0.002780151,-0.00250493
2018-05-23,273.359985,47.09,0.002751183,0.006411605
2018-05-24,272.799988,47.037498,-0.00204857,-0.001114929
2018-05-25,272.149994,47.145,-0.002382676,0.002285453
2018-05-29,269.019989,46.974998,-0.011501029,-0.003605939
2018-05-30,272.609985,46.875,0.013344718,-0.002128749
2018-05-31,270.940002,46.717499,-0.006125905,-0.003360021
2018-06-01,273.600006,47.560001,0.009817687,0.018033971
2018-06-04,274.899994,47.9575,0.004751418,0.008357843
2018-06-05,275.100006,48.327499,0.000727581,0.007715144
2018-06-06,277.399994,48.494999,0.008360552,0.003465936
2018-06-07,277.369995,48.365002,-0.000108143,-0.002680627
2018-06-08,278.190002,47.924999,0.002956365,-0.00909755
2018-06-11,278.559998,47.807499,0.001330012,-0.002451748
2018-06-12,278.920013,48.07,0.001292415,0.005490791
2018-06-13,278.029999,47.674999,-0.003190929,-0.008217204
2018-06-14,278.730011,47.700001,0.002517757,0.000524426
2018-06-15,277.130005,47.209999,-0.005740343,-0.010272578
2018-06-18,276.559998,47.185001,-0.002056822,-0.000529506
2018-06-19,275.5,46.422501,-0.003832796,-0.016159796
2018-06-20,275.970001,46.625,0.001705993,0.004362087
2018-06-21,274.23999,46.365002,-0.006268837,-0.005576365
2018-06-22,274.73999,46.23,0.001823221,-0.002911722
2018-06-25,271,45.5425,-0.013612834,-0.014871296
2018-06-26,271.600006,46.107498,0.002214044,0.01240595
2018-06-27,269.350006,46.040001,-0.008284241,-0.001463905
2018-06-28,270.890015,46.375,0.005717501,0.00727626
2018-06-29,271.279999,46.2775,0.00143964,-0.002102426
2018-07-02,271.859985,46.794998,0.002137961,0.011182497
2018-07-03,270.899994,45.98,-0.003531196,-0.017416349
2018-07-05,273.109985,46.349998,0.008157959,0.008046933
2018-07-06,275.420013,46.9925,0.008458233,0.013861964
2018-07-09,277.899994,47.645,0.00900436,0.013885194
2018-07-10,278.899994,47.587502,0.003598417,-0.0012068
2018-07-11,276.859985,46.970001,-0.007314482,-0.012976117
2018-07-12,279.369995,47.7575,0.009065991,0.016765999
2018-07-13,279.589996,47.8325,0.00078749,0.001570434
2018-07-16,279.339996,47.727501,-0.000894166,-0.002195139
2018-07-17,280.470001,47.862499,0.004045267,0.002828516
2018-07-18,281.059998,47.599998,0.002103601,-0.005484482
2018-07-19,280,47.970001,-0.00377143,0.007773173
2018-07-20,279.679993,47.860001,-0.001142882,-0.0022931
2018-07-23,280.200012,47.9025,0.001859336,0.000887986
2018-07-24,281.609985,48.25,0.005032023,0.007254319
2018-07-25,284.01001,48.705002,0.008522514,0.009430093
2018-07-26,283.339996,48.552502,-0.002359121,-0.003131095
2018-07-27,281.420013,47.744999,-0.006776251,-0.016631542
2018-07-30,279.950012,47.477501,-0.005223513,-0.005602639
2018-07-31,281.329987,47.572498,0.004929362,0.002000885
2018-08-01,280.859985,50.375,-0.001670643,0.058910129
2018-08-02,282.390015,51.8475,0.005447661,0.029230769
2018-08-03,283.600006,51.997501,0.004284822,0.002893119
2018-08-06,284.640015,52.267502,0.003667168,0.005192576
2018-08-07,285.579987,51.7775,0.003302319,-0.009374888
2018-08-08,285.459991,51.8125,-0.000420184,0.000675969
2018-08-09,285.070007,52.220001,-0.00136616,0.007864917
2018-08-10,283.160004,51.8825,-0.006700119,-0.00646306
2018-08-13,282.100006,52.217499,-0.003743459,0.006456879
2018-08-14,283.899994,52.4375,0.006380673,0.004213166
2018-08-15,281.779999,52.560001,-0.007467401,0.002336133
2018-08-16,284.059998,53.330002,0.008091415,0.014649943
2018-08-17,285.059998,54.395,0.003520383,0.01996996
2018-08-20,285.670013,53.865002,0.002139953,-0.009743506
2018-08-21,286.339996,53.759998,0.002345304,-0.001949392
2018-08-22,286.170013,53.762501,-0.00059364,4.66E-05
2018-08-23,285.790009,53.872501,-0.001327896,0.002046036
2018-08-24,287.51001,54.040001,0.006018408,0.003109193
2018-08-27,289.779999,54.485001,0.007895339,0.008234641
2018-08-28,289.920013,54.924999,0.000483173,0.00807558
2018-08-29,291.480011,55.744999,0.005380788,0.01492945
2018-08-30,290.299988,56.2575,-0.004048384,0.009193668
2018-08-31,290.309998,56.907501,3.45E-05,0.011554033
2018-09-04,289.809998,57.09,-0.001722297,0.003206941
2018-09-05,289.029999,56.717499,-0.002691415,-0.006524803
2018-09-06,288.160004,55.775002,-0.003010051,-0.016617394
2018-09-07,287.600006,55.325001,-0.001943358,-0.008068149
2018-09-10,288.100006,54.5825,0.001738526,-0.013420714
2018-09-11,289.049988,55.962502,0.003297404,0.025282865
2018-09-12,289.119995,55.267502,0.000242197,-0.01241903
2018-09-13,290.829987,56.602501,0.005914472,0.024155226
2018-09-14,290.880005,55.959999,0.000171984,-0.011351124
2018-09-17,289.339996,54.470001,-0.00529431,-0.026626126
2018-09-18,290.910004,54.560001,0.00542617,0.001652286
2018-09-19,291.220001,54.592499,0.001065611,0.000595638
2018-09-20,293.579987,55.0075,0.008103791,0.007601795
2018-09-21,291.98999,54.415001,-0.00541589,-0.01077124
2018-09-24,291.019989,55.197498,-0.003322035,0.014380171
2018-09-25,290.75,55.547501,-0.000927734,0.006340921
2018-09-26,289.880005,55.105,-0.002992244,-0.007966173
2018-09-27,290.690002,56.237499,0.002794249,0.020551656
2018-09-28,290.720001,56.435001,0.000103199,0.003511927
2018-10-01,291.730011,56.814999,0.003474168,0.006733375
2018-10-02,291.559998,57.32,-0.000582775,0.008888516
2018-10-03,291.720001,58.017502,0.000548782,0.012168562
2018-10-04,289.440002,56.997501,-0.00781571,-0.017580919
2018-10-05,287.820007,56.072498,-0.005596998,-0.016228834
2018-10-08,287.820007,55.942501,0,-0.002318374
2018-10-09,287.399994,56.717499,-0.00145929,0.013853474
2018-10-10,278.299988,54.09,-0.031663209,-0.046326073
2018-10-11,272.170013,53.612499,-0.022026501,-0.008827898
2018-10-12,275.950012,55.5275,0.013888374,0.035719301
2018-10-15,274.399994,54.34,-0.005617025,-0.0213858
2018-10-16,280.399994,55.537498,0.02186589,0.022037137
2018-10-17,280.450012,55.297501,0.000178381,-0.004321351
2018-10-18,276.399994,54.005001,-0.01444114,-0.02337357
2018-10-19,276.25,54.827499,-0.00054267,0.015230034
2018-10-22,275.01001,55.162498,-0.004488652,0.006110054
2018-10-23,273.609985,55.682499,-0.005090815,0.009426712
2018-10-24,265.320007,53.772499,-0.030298521,-0.034301621
2018-10-25,270.079987,54.950001,0.017940524,0.021897848
2018-10-26,265.329987,54.075001,-0.017587382,-0.015923567
2018-10-29,263.859985,53.060001,-0.005540278,-0.018770226
2018-10-30,267.769989,53.325001,0.01481848,0.004994346
2018-10-31,270.630005,54.715,0.010680868,0.026066554
2018-11-01,273.51001,55.555,0.010641854,0.01535228
2018-11-02,271.890015,51.869999,-0.005922982,-0.066330681
2018-11-05,273.390015,50.397499,0.005516937,-0.028388279
2018-11-06,275.119995,50.942501,0.006327883,0.010814068
2018-11-07,281.01001,52.487499,0.021408895,0.030328271
2018-11-08,280.5,52.122501,-0.001814918,-0.006953999
2018-11-09,277.76001,51.1175,-0.009768235,-0.019281519
2018-11-12,272.570007,48.5425,-0.018685206,-0.050374138
2018-11-13,272.059998,48.057499,-0.001871112,-0.009991265
2018-11-14,270.200012,46.700001,-0.006836676,-0.028247371
2018-11-15,273.019989,47.852501,0.010436628,0.0246788
2018-11-16,273.730011,48.3825,0.002600623,0.01107568
2018-11-19,269.100006,46.465,-0.016914495,-0.039632098
2018-11-20,264.119995,44.244999,-0.018506172,-0.047777919
2018-11-21,265.019989,44.195,0.003407519,-0.001130049
2018-11-23,263.25,43.072498,-0.0066787,-0.025398846
2018-11-26,267.5,43.654999,0.016144349,0.013523734
2018-11-27,268.399994,43.560001,0.003364464,-0.002176108
2018-11-28,274.579987,45.235001,0.02302531,0.038452708
2018-11-29,273.980011,44.887501,-0.002185068,-0.007682104
2018-11-30,275.649994,44.645,0.006095273,-0.005402417
2018-12-03,279.299988,46.205002,0.013241408,0.034942368
2018-12-04,270.25,44.172501,-0.032402393,-0.043988766
2018-12-06,269.839996,43.68,-0.001517129,-0.011149493
2018-12-07,263.570007,42.122501,-0.023235951,-0.035657028
2018-12-10,264.070007,42.400002,0.001897029,0.006587952
2018-12-11,264.130005,42.157501,0.000227205,-0.005719363
2018-12-12,265.459991,42.275002,0.005035346,0.002787191
2018-12-13,265.369995,42.737499,-0.000339019,0.010940201
2018-12-14,260.470001,41.369999,-0.018464763,-0.031997661
2018-12-17,255.360001,40.985001,-0.019618382,-0.009306212
2018-12-18,255.080002,41.517502,-0.001096487,0.012992582
2018-12-19,251.259995,40.2225,-0.014975721,-0.031191713
2018-12-20,247.169998,39.2075,-0.016277947,-0.025234632
2018-12-21,240.699997,37.682499,-0.02617632,-0.038895645
2018-12-24,234.339996,36.7075,-0.026422938,-0.025874054
2018-12-26,246.179993,39.2925,0.050524866,0.070421576
2018-12-27,248.070007,39.037498,0.007677366,-0.006489839
2018-12-28,247.75,39.057499,-0.001289987,0.000512354
2018-12-31,249.919998,39.435001,0.008758821,0.009665289
2019-01-02,250.179993,39.48,0.001040313,0.001141093
2019-01-03,244.210007,35.547501,-0.023862763,-0.099607371
2019-01-04,252.389999,37.064999,0.033495728,0.042689302
2019-01-07,254.380005,36.982498,0.007884647,-0.002225847
2019-01-08,256.769989,37.6875,0.00939533,0.019063125
2019-01-09,257.970001,38.327499,0.00467349,0.016981731
2019-01-10,258.880005,38.450001,0.003527557,0.003196191
2019-01-11,258.980011,38.072498,0.000386303,-0.009818023
2019-01-14,257.399994,37.5,-0.006100923,-0.015037049
2019-01-15,260.350006,38.267502,0.011460808,0.02046672
2019-01-16,260.980011,38.735001,0.002419839,0.012216606
2019-01-17,262.959991,38.965,0.007586711,0.005937756
2019-01-18,266.459991,39.205002,0.01331001,0.006159425
2019-01-22,262.859985,38.325001,-0.013510494,-0.022446141
2019-01-23,263.410004,38.48,0.002092441,0.004044331
2019-01-24,263.549988,38.174999,0.00053143,-0.007926221
2019-01-25,265.779999,39.439999,0.008461435,0.033136871
2019-01-28,263.76001,39.075001,-0.00760023,-0.009254513
2019-01-29,263.410004,38.669998,-0.001326987,-0.01036476
2019-01-30,267.579987,41.3125,0.015830769,0.068334682
2019-01-31,269.929993,41.610001,0.008782443,0.007201234
2019-02-01,270.059998,41.630001,0.000481625,0.000480654
2019-02-04,271.959991,42.8125,0.007035448,0.028404972
2019-02-05,273.100006,43.544998,0.004191848,0.017109442
2019-02-06,272.73999,43.560001,-0.001318257,0.00034454
2019-02-07,270.140015,42.735001,-0.009532797,-0.018939394
2019-02-08,270.470001,42.602501,0.001221537,-0.003100503
2019-02-11,270.619995,42.357498,0.000554568,-0.005750907
2019-02-12,274.100006,42.7225,0.012859401,0.008617176
2019-02-13,274.98999,42.544998,0.003246932,-0.004154766
2019-02-14,274.380005,42.700001,-0.002218208,0.003643272
2019-02-15,277.369995,42.605,0.010897259,-0.002224848
2019-02-19,277.850006,42.732498,0.00173058,0.00299256
2019-02-20,278.410004,43.0075,0.002015469,0.00643543
2019-02-21,277.420013,42.764999,-0.003555874,-0.005638575
2019-02-22,279.140015,43.2425,0.006199993,0.011165697
2019-02-25,279.519989,43.557499,0.001361231,0.007284477
2019-02-26,279.320007,43.5825,-0.000715448,0.000573977
2019-02-27,279.200012,43.717499,-0.000429597,0.003097551
2019-02-28,278.679993,43.287498,-0.001862532,-0.009835901
2019-03-01,280.420013,43.7425,0.006243792,0.010511164
2019-03-04,279.399994,43.962502,-0.003637469,0.005029479
2019-03-05,279.019989,43.8825,-0.001360075,-0.001819778
2019-03-06,277.329987,43.630001,-0.006056921,-0.005753979
2019-03-07,275.01001,43.125,-0.008365403,-0.011574627
2019-03-08,274.459991,43.227501,-0.001999996,0.002376835
2019-03-11,278.440002,44.724998,0.014501243,0.034642229
2019-03-12,279.48999,45.227501,0.003770967,0.011235395
2019-03-13,281.339996,45.427502,0.006619221,0.00442211
2019-03-14,281.160004,45.932499,-0.000639767,0.011116548
2019-03-15,281.309998,46.529999,0.000533483,0.013008219
2019-03-18,282.329987,47.005001,0.003625854,0.010208511
2019-03-19,282.399994,46.6325,0.000247962,-0.00792471
2019-03-20,281.549988,47.040001,-0.003009936,0.008738562
2019-03-21,284.730011,48.772499,0.011294701,0.036830314
2019-03-22,279.25,47.762501,-0.019246341,-0.02070835
2019-03-25,279.040009,47.185001,-0.000751982,-0.012091075
2019-03-26,281.119995,46.697498,0.007454078,-0.010331737
2019-03-27,279.649994,47.1175,-0.005229087,0.008994101
2019-03-28,280.709991,47.18,0.003790442,0.001326471
2019-03-29,282.480011,47.487499,0.006305511,0.006517571
2019-04-01,285.829987,47.810001,0.011859161,0.006791303
2019-04-02,285.970001,48.505001,0.000489851,0.014536707
2019-04-03,286.420013,48.837502,0.001573634,0.006854984
2019-04-04,287.179993,48.922501,0.002653376,0.001740445
2019-04-05,288.570007,49.25,0.004840219,0.006694241
2019-04-08,288.790009,50.025002,0.000762387,0.015736081
2019-04-09,287.309998,49.875,-0.005124869,-0.002998541
2019-04-10,288.290009,50.154999,0.003410988,0.005614015
2019-04-11,288.209991,49.737499,-0.000277561,-0.008324195
2019-04-12,290.160004,49.717499,0.006765945,-0.000402111
2019-04-15,289.970001,49.807499,-0.000654821,0.001810228
2019-04-16,290.160004,49.8125,0.000655251,0.000100407
2019-04-17,289.450012,50.782501,-0.002446898,0.019473044
2019-04-18,290.019989,50.965,0.001969172,0.003593738
2019-04-22,290.269989,51.1325,0.00086201,0.003286569
2019-04-23,292.880005,51.869999,0.008991684,0.014423292
2019-04-24,292.230011,51.790001,-0.002219318,-0.001542279
2019-04-25,292.049988,51.32,-0.000616032,-0.00907513
2019-04-26,293.410004,51.075001,0.004656792,-0.004773948
2019-04-29,293.869995,51.1525,0.001567741,0.001517357
2019-04-30,294.019989,50.1675,0.000510409,-0.019256146
2019-05-01,291.809998,52.630001,-0.007516465,0.049085583
2019-05-02,291.179993,52.287498,-0.002158956,-0.006507752
2019-05-03,294.029999,52.9375,0.009787781,0.012431308
2019-05-06,292.820007,52.119999,-0.004115199,-0.015442758
2019-05-07,287.929993,50.715,-0.016699726,-0.026957004
2019-05-08,287.529999,50.724998,-0.001389206,0.000197141
2019-05-09,286.660004,50.18,-0.003025754,-0.01074417
2019-05-10,288.100006,49.294998,0.00502338,-0.017636548
2019-05-13,280.859985,46.43,-0.025130236,-0.058119447
2019-05-14,283.399994,47.165001,0.009043684,0.015830304
2019-05-15,285.059998,47.73,0.00585746,0.0119792
2019-05-16,287.700012,47.52,0.009261257,-0.004399749
2019-05-17,285.839996,47.25,-0.006465123,-0.005681818
2019-05-20,283.950012,45.772499,-0.006612035,-0.031269862
2019-05-21,286.51001,46.650002,0.009015664,0.019170966
2019-05-22,285.630005,45.695,-0.003071463,-0.020471639
2019-05-23,282.140015,44.915001,-0.012218569,-0.017069679
2019-05-24,282.779999,44.7425,0.002268321,-0.00384061
2019-05-28,280.149994,44.557499,-0.009300534,-0.004134794
2019-05-29,278.269989,44.345001,-0.006710709,-0.004769074
2019-05-30,279.029999,44.575001,0.002731196,0.005186605
2019-05-31,275.269989,43.767502,-0.013475289,-0.018115513
2019-06-03,274.570007,43.325001,-0.002542893,-0.010110264
2019-06-04,280.529999,44.91,0.021706639,0.036583935
2019-06-05,282.959991,45.634998,0.008662147,0.016143353
2019-06-06,284.799988,46.305,0.006502675,0.014681758
2019-06-07,287.649994,47.537498,0.010007044,0.026616953
2019-06-10,288.970001,48.145,0.004588935,0.012779427
2019-06-11,288.899994,48.702499,-0.000242264,0.011579583
2019-06-12,288.390015,48.547501,-0.001765244,-0.003182547
2019-06-13,289.579987,48.537498,0.004126259,-0.000206046
2019-06-14,289.26001,48.185001,-0.001104969,-0.007262364
2019-06-17,289.369995,48.4725,0.000380229,0.005966566
2019-06-18,292.399994,49.612499,0.01047102,0.023518469
2019-06-19,293.059998,49.467499,0.002257196,-0.002922651
2019-06-20,295.859985,49.865002,0.009554313,0.00803564
2019-06-21,294,49.695,-0.006286707,-0.003409245
2019-06-24,293.640015,49.645,-0.001224439,-0.001006137
2019-06-25,290.76001,48.892502,-0.009807945,-0.015157579
2019-06-26,290.470001,49.950001,-0.000997417,0.021629063
2019-06-27,291.5,49.935001,0.003545974,-0.0003003
2019-06-28,293,49.48,0.005145798,-0.009111865
2019-07-01,295.660004,50.387501,0.009078512,0.018340764
2019-07-02,296.429993,50.682499,0.002604306,0.005854587
2019-07-03,298.799988,51.102501,0.007995126,0.008286924
2019-07-05,298.459991,51.057499,-0.001137875,-0.000880622
2019-07-08,296.820007,50.005001,-0.00549482,-0.020613975
2019-07-09,297.190002,50.310001,0.00124653,0.00609939
2019-07-10,298.609985,50.807499,0.004778031,0.00988865
2019-07-11,299.309998,50.4375,0.002344238,-0.00728237
2019-07-12,300.649994,50.825001,0.00447695,0.007682796
2019-07-15,300.75,51.302502,0.000332633,0.009395002
2019-07-16,299.779999,51.125,-0.003225273,-0.003459909
2019-07-17,297.73999,50.837502,-0.00680502,-0.005623433
2019-07-18,298.829987,51.415001,0.003660902,0.011359704
2019-07-19,297.170013,50.647499,-0.005554911,-0.014927589
2019-07-22,297.899994,51.805,0.002456442,0.02285406
2019-07-23,300.029999,52.209999,0.007150067,0.007817759
2019-07-24,301.440002,52.1675,0.00469954,-0.000814001
2019-07-25,300,51.755001,-0.004777077,-0.007907203
2019-07-26,302.01001,51.935001,0.006700033,0.003477925
2019-07-29,301.459991,52.419998,-0.001821195,0.009338538
2019-07-30,300.720001,52.195,-0.002454687,-0.004292217
2019-07-31,297.429993,53.259998,-0.010940436,0.020404215
2019-08-01,294.839996,52.107498,-0.008707921,-0.02163913
2019-08-02,292.619995,51.005001,-0.007529511,-0.021158126
2019-08-05,283.820007,48.334999,-0.030073092,-0.052347847
2019-08-06,287.799988,49.25,0.014022905,0.018930403
2019-08-07,287.970001,49.759998,0.000590733,0.010355289
2019-08-08,293.619995,50.857498,0.019620078,0.022055869
2019-08-09,291.619995,50.247501,-0.006811525,-0.011994239
2019-08-12,288.070007,50.119999,-0.012173335,-0.002537479
2019-08-13,292.549988,52.2425,0.015551709,0.042348385
2019-08-14,283.899994,50.6875,-0.029567576,-0.029765038
2019-08-15,284.649994,50.435001,0.002641775,-0.004981485
2019-08-16,288.850006,51.625,0.014755005,0.023594706
2019-08-19,292.329987,52.587502,0.01204771,0.018644107
2019-08-20,290.089996,52.59,-0.007662543,4.75E-05
2019-08-21,292.450012,53.16,0.008135462,0.010838562
2019-08-22,292.359985,53.115002,-0.000307837,-0.000846464
2019-08-23,284.850006,50.66,-0.025687438,-0.046220501
2019-08-26,288,51.622501,0.011058431,0.01899923
2019-08-27,286.869995,51.040001,-0.003923628,-0.011283839
2019-08-28,288.890015,51.3825,0.007041587,0.006710403
2019-08-29,292.579987,52.252499,0.01277293,0.016931815
2019-08-30,292.450012,52.185001,-0.000444237,-0.001291766
2019-09-03,290.73999,51.424999,-0.005847228,-0.01456361
2019-09-04,294.040009,52.297501,0.011350413,0.016966495
2019-09-05,297.820007,53.32,0.012855387,0.019551584
2019-09-06,298.049988,53.314999,0.000772215,-9.38E-05
2019-09-09,298.200012,53.5425,0.000503352,0.004267111
2019-09-10,298.130005,54.174999,-0.000234765,0.011813027
2019-09-11,300.25,55.897499,0.007110975,0.031795109
2019-09-12,301.290009,55.772499,0.00346381,-0.002236236
2019-09-13,301.089996,54.6875,-0.000663855,-0.019454014
2019-09-16,300.160004,54.974998,-0.003088751,0.005257106
2019-09-17,300.920013,55.174999,0.002532013,0.003638036
2019-09-18,301.100006,55.692501,0.000598142,0.009379284
2019-09-19,301.079987,55.240002,-6.65E-05,-0.008124954
2019-09-20,298.279999,54.432499,-0.009299814,-0.014618084
2019-09-23,298.209991,54.68,-0.000234706,0.004546934
2019-09-24,295.869995,54.419998,-0.007846806,-0.004754974
2019-09-25,297.619995,55.2575,0.00591476,0.0153896
2019-09-26,297,54.9725,-0.002083177,-0.005157671
2019-09-27,295.399994,54.705002,-0.005387226,-0.004866033
2019-09-30,296.769989,55.9925,0.004637762,0.023535288
2019-10-01,293.23999,56.147499,-0.01189473,0.00276821
2019-10-02,288.059998,54.740002,-0.017664685,-0.025067849
2019-10-03,290.420013,55.205002,0.00819279,0.008494702
2019-10-04,294.350006,56.752499,0.013532101,0.028031826
2019-10-07,293.079987,56.764999,-0.004314656,0.000220255
2019-10-08,288.529999,56.099998,-0.015524731,-0.011714983
2019-10-09,291.269989,56.7575,0.009496378,0.011720179
2019-10-10,293.23999,57.522499,0.006763488,0.013478377
2019-10-11,296.279999,59.052502,0.010366966,0.02659834
2019-10-14,295.950012,58.967499,-0.001113767,-0.001439448
2019-10-15,298.880005,58.830002,0.009900297,-0.002331742
2019-10-16,298.399994,58.592499,-0.001606032,-0.004037107
2019-10-17,299.279999,58.82,0.002949078,0.003882767
2019-10-18,297.970001,59.102501,-0.004377165,0.004802805
2019-10-21,299.98999,60.127499,0.006779169,0.017342718
2019-10-22,299.01001,59.990002,-0.003266709,-0.002286757
2019-10-23,299.880005,60.794998,0.002909585,0.013418836
2019-10-24,300.369995,60.895,0.001633954,0.001644905
2019-10-25,301.600006,61.645,0.004094986,0.012316282
2019-10-28,303.299988,62.262501,0.005636545,0.010017049
2019-10-29,303.209991,60.822498,-0.000296726,-0.023127934
2019-10-30,304.140015,60.814999,0.00306726,-0.000123293
2019-10-31,303.329987,62.189999,-0.002663339,0.022609554
2019-11-01,306.140015,63.955002,0.009263931,0.028380817
2019-11-04,307.369995,64.375,0.004017704,0.006567086
2019-11-05,307.029999,64.282501,-0.001106146,-0.001436878
2019-11-06,307.100006,64.309998,0.000228014,0.000427752
2019-11-07,308.179993,64.857498,0.003516727,0.008513451
2019-11-08,308.940002,65.035004,0.002466121,0.002736862
2019-11-11,308.350006,65.550003,-0.001909743,0.007918797
2019-11-12,309,65.489998,0.002107975,-0.000915408
2019-11-13,309.100006,66.1175,0.000323644,0.009581646
2019-11-14,309.549988,65.660004,0.001455781,-0.006919439
2019-11-15,311.790009,66.440002,0.007236379,0.011879347
2019-11-18,312.019989,66.775002,0.000737612,0.005042143
2019-11-19,311.929993,66.572502,-0.00028843,-0.003032572
2019-11-20,310.769989,65.797501,-0.003718796,-0.011641458
2019-11-21,310.269989,65.502502,-0.001608907,-0.004483438
2019-11-22,310.959991,65.445,0.002223876,-0.00087786
2019-11-25,313.369995,66.592499,0.007750206,0.017533792
2019-11-26,314.079987,66.072502,0.002265667,-0.007808642
2019-11-27,315.480011,66.959999,0.00445754,0.013432169
2019-11-29,314.309998,66.8125,-0.003708676,-0.002202793
2019-12-02,311.640015,66.040001,-0.008494744,-0.011562193
2019-12-03,309.549988,64.862503,-0.006706542,-0.017830072
2019-12-04,311.459991,65.434998,0.006170257,0.008826286
2019-12-05,312.019989,66.394997,0.001797977,0.014671033
2019-12-06,314.869995,67.677498,0.009134049,0.01931623
2019-12-09,313.880005,66.730003,-0.003144123,-0.014000148
2019-12-10,313.529999,67.120003,-0.001115095,0.005844448
2019-12-11,314.420013,67.692497,0.002838688,0.00852941
2019-12-12,317.130005,67.864998,0.008619019,0.002548303
2019-12-13,317.320007,68.787498,0.00059913,0.013593163
2019-12-16,319.5,69.964996,0.006870014,0.017117907
2019-12-17,319.570007,70.102501,0.000219114,0.00196534
2019-12-18,319.589996,69.934998,6.25E-05,-0.002389401
2019-12-19,320.899994,70.004997,0.004098996,0.001000915
2019-12-20,320.730011,69.860001,-0.000529707,-0.002071224
2019-12-23,321.220001,71,0.001527734,0.016318336
2019-12-24,321.230011,71.067497,3.12E-05,0.000950662
2019-12-26,322.940002,72.477501,0.00532326,0.01984035
2019-12-27,322.859985,72.449997,-0.000247777,-0.000379483
2019-12-30,321.079987,72.879997,-0.00551322,0.005935128
2019-12-31,321.859985,73.412498,0.002429295,0.007306545
2020-01-02,324.869995,75.087502,0.009351924,0.022816333
2020-01-03,322.410004,74.357498,-0.007572232,-0.009722044
2020-01-06,323.640015,74.949997,0.003815052,0.007968248
2020-01-07,322.730011,74.597504,-0.002811778,-0.004703042
2020-01-08,324.450012,75.797501,0.005329535,0.016086289
2020-01-09,326.649994,77.407501,0.00678065,0.021240806
2020-01-10,325.709991,77.582497,-0.002877707,0.002260711
2020-01-13,327.950012,79.239998,0.006877348,0.021364368
2020-01-14,327.450012,78.169998,-0.001524623,-0.013503282
2020-01-15,328.190002,77.834999,0.002259856,-0.004285519
2020-01-16,330.920013,78.809998,0.008318386,0.012526486
2020-01-17,331.950012,79.682503,0.003112532,0.011070994
2020-01-21,331.299988,79.142502,-0.001958198,-0.006776908
2020-01-22,331.339996,79.425003,0.000120761,0.003569523
2020-01-23,331.720001,79.807503,0.001146873,0.004815864
2020-01-24,328.769989,79.577499,-0.008893078,-0.002881985
2020-01-27,323.5,77.237503,-0.01602941,-0.029405247
2020-01-28,326.890015,79.422501,0.010479181,0.02828934
2020-01-29,326.619995,81.084999,-0.000826027,0.02093233
2020-01-30,327.679993,80.967499,0.003245356,-0.001449097
2020-01-31,321.730011,77.377502,-0.018157904,-0.044338741
2020-02-03,324.119995,77.165001,0.007428539,-0.002746289
2020-02-04,329.059998,79.712502,0.015241278,0.033013685
2020-02-05,332.859985,80.362503,0.011548007,0.008154317
2020-02-06,333.980011,81.302498,0.003364856,0.011696935
2020-02-07,332.200012,80.0075,-0.005329657,-0.015928145
2020-02-10,334.679993,80.387497,0.007465325,0.004749517
2020-02-11,335.26001,79.902496,0.00173305,-0.006033289
2020-02-12,337.420013,81.800003,0.00644277,0.023747781
2020-02-13,337.059998,81.217499,-0.001066964,-0.007121076
2020-02-14,337.600006,81.237503,0.001602112,0.000246302
2020-02-18,336.730011,79.75,-0.002576999,-0.018310546
2020-02-19,338.339996,80.904999,0.004781234,0.014482746
2020-02-20,336.950012,80.074997,-0.004108246,-0.010258971
2020-02-21,333.480011,78.262497,-0.010298266,-0.022635031
2020-02-24,322.420013,74.544998,-0.0331654,-0.047500388
2020-02-25,312.649994,72.019997,-0.030302148,-0.033872172
2020-02-26,311.5,73.162498,-0.003678215,0.015863664
2020-02-27,297.51001,68.379997,-0.044911685,-0.065368203
2020-02-28,296.26001,68.339996,-0.004201539,-0.000584981
2020-03-02,309.089996,74.702499,0.043306506,0.093100722
2020-03-03,300.23999,72.330002,-0.028632457,-0.031759272
2020-03-04,312.859985,75.684998,0.042033025,0.046384569
2020-03-05,302.459991,73.230003,-0.033241688,-0.03243701
2020-03-06,297.459991,72.2575,-0.016531112,-0.013280117
2020-03-09,274.230011,66.542503,-0.078094469,-0.079092094
2020-03-10,288.420013,71.334999,0.051744891,0.072021577
2020-03-11,274.359985,68.857498,-0.048748448,-0.034730511
2020-03-12,248.110001,62.057499,-0.095677159,-0.098754663
2020-03-13,269.320007,69.4925,0.0854863,0.11980826
2020-03-16,239.850006,60.552502,-0.109423735,-0.128646948
2020-03-17,252.800003,63.215,0.053992065,0.043970074
2020-03-18,240,61.6675,-0.050632923,-0.024479949
2020-03-19,240.509995,61.195,0.002124979,-0.007662059
2020-03-20,228.800003,57.310001,-0.048688172,-0.063485563
2020-03-23,222.949997,56.092499,-0.025568208,-0.021244146
2020-03-24,243.149994,61.720001,0.090603262,0.100325393
2020-03-25,246.789993,61.380001,0.014970179,-0.005508749
2020-03-26,261.200012,64.610001,0.058389803,0.052623003
2020-03-27,253.419998,61.935001,-0.029785657,-0.041402259
2020-03-30,261.649994,63.702499,0.032475716,0.028537951
2020-03-31,257.75,63.572498,-0.014905385,-0.002040752
2020-04-01,246.149994,60.227501,-0.045004873,-0.052617045
2020-04-02,251.830002,61.232498,0.023075394,0.016686679
2020-04-03,248.190002,60.352501,-0.014454195,-0.014371405
2020-04-06,264.859985,65.6175,0.067166215,0.087237462
2020-04-07,265.130005,64.857498,0.001019482,-0.011582307
2020-04-08,274.029999,66.517502,0.033568415,0.025594635
2020-04-09,278.200012,66.997498,0.015217359,0.007216086
2020-04-13,275.660004,68.3125,-0.009130151,0.019627628
2020-04-14,283.790009,71.762497,0.029492871,0.050503158
2020-04-15,277.76001,71.107498,-0.021248102,-0.009127316
2020-04-16,279.100006,71.672501,0.004824294,0.007945758
2020-04-17,286.640015,70.699997,0.027015438,-0.013568719
2020-04-20,281.589996,69.232498,-0.017617983,-0.020756705
2020-04-21,273.040009,67.092499,-0.030363248,-0.030910325
2020-04-22,279.100006,69.025002,0.022194539,0.028803563
2020-04-23,279.079987,68.7575,-7.17E-05,-0.003875436
2020-04-24,282.970001,70.7425,0.013938706,0.028869578
2020-04-27,287.049988,70.792503,0.014418444,0.000706831
2020-04-28,285.730011,69.644997,-0.004598422,-0.016209428
2020-04-29,293.209991,71.932503,0.026178489,0.032845231
2020-04-30,290.480011,73.449997,-0.009310665,0.021096082
2020-05-01,282.790009,72.267502,-0.026473429,-0.01609932
2020-05-04,283.570007,73.290001,0.002758223,0.014148808
2020-05-05,286.190002,74.389999,0.009239323,0.015008841
2020-05-06,284.25,75.157501,-0.00677872,0.010317274
2020-05-07,287.679993,75.934998,0.012066818,0.010344902
2020-05-08,292.440002,77.532501,0.016546194,0.02103777
2020-05-11,292.5,78.752502,0.000205163,0.015735349
2020-05-12,286.670013,77.852501,-0.019931579,-0.011428221
2020-05-13,281.600006,76.912498,-0.017685864,-0.012074153
2020-05-14,284.970001,77.385002,0.011967312,0.006143397
2020-05-15,286.279999,76.927498,0.004596968,-0.00591205
2020-05-18,295,78.739998,0.030459693,0.023561146
2020-05-19,291.970001,78.285004,-0.010271183,-0.005778436
2020-05-20,296.929993,79.807503,0.016988019,0.019448156
2020-05-21,294.880005,79.212502,-0.006903944,-0.007455452
2020-05-22,295.440002,79.722504,0.001899067,0.006438403
2020-05-26,299.079987,79.182503,0.012320556,-0.006773508
2020-05-27,303.529999,79.527496,0.014879003,0.004356935
2020-05-28,302.970001,79.5625,-0.001844951,0.00044015
2020-05-29,304.320007,79.485001,0.004455907,-0.000974064
2020-06-01,305.549988,80.462502,0.004041736,0.01229793
2020-06-02,308.079987,80.834999,0.008280148,0.004629448
2020-06-03,312.179993,81.279999,0.013308252,0.005505041
2020-06-04,311.359985,80.580002,-0.002626715,-0.008612168
2020-06-05,319.339996,82.875,0.025629533,0.028480987
2020-06-08,323.200012,83.364998,0.012087481,0.005912495
2020-06-09,320.790009,85.997498,-0.007456692,0.031578001
2020-06-10,319,88.209999,-0.005580002,0.025727504
2020-06-11,300.609985,83.974998,-0.05764895,-0.048010442
2020-06-12,304.209991,84.699997,0.01197567,0.00863351
2020-06-15,307.049988,85.747498,0.009335647,0.012367191
2020-06-16,312.959991,88.019997,0.01924769,0.026502219
2020-06-17,311.660004,87.897499,-0.004153844,-0.001391706
2020-06-18,311.779999,87.932503,0.000385019,0.000398237
2020-06-19,308.640015,87.43,-0.010071153,-0.005714645
2020-06-22,310.619995,89.717499,0.006415176,0.026163777
2020-06-23,312.049988,91.6325,0.004603673,0.021344788
2020-06-24,304.089996,90.014999,-0.025508708,-0.017652045
2020-06-25,307.350006,91.209999,0.010720543,0.013275565
2020-06-26,300.049988,88.407501,-0.023751482,-0.030725776
2020-06-29,304.459991,90.445,0.014697561,0.023046676
2020-06-30,308.359985,91.199997,0.012809545,0.008347581
2020-07-01,310.519989,91.027496,0.007004813,-0.001891458
2020-07-02,312.230011,91.027496,0.005506963,0
2020-07-06,317.049988,93.462502,0.015437264,0.026750225
2020-07-07,313.779999,93.172501,-0.010313796,-0.003102859
2020-07-08,316.179993,95.342499,0.007648652,0.023290112
2020-07-09,314.380005,95.752502,-0.005692922,0.004300317
2020-07-10,317.589996,95.919998,0.010210544,0.00174926
2020-07-13,314.839996,95.477501,-0.008658963,-0.004613188
2020-07-14,318.920013,97.057503,0.012959017,0.016548422
2020-07-15,321.850006,97.724998,0.009187235,0.006877315
2020-07-16,320.790009,96.522499,-0.00329345,-0.012304927
2020-07-17,321.720001,96.327499,0.002899068,-0.002020254
2020-07-20,324.320007,98.357498,0.00808158,0.02107393
2020-07-21,325.01001,97,0.002127538,-0.013801673
2020-07-22,326.859985,97.272499,0.005692055,0.002809268
2020-07-23,322.959991,92.845001,-0.011931696,-0.045516441
2020-07-24,320.880005,92.614998,-0.006440383,-0.002477279
2020-07-27,323.220001,94.809998,0.007292433,0.023700265
2020-07-28,321.170013,93.252502,-0.006342392,-0.01642755
2020-07-29,325.119995,95.040001,0.012298726,0.019168376
2020-07-30,323.959991,96.190002,-0.003567926,0.012100179
2020-07-31,326.519989,106.260002,0.007902204,0.104688635
2020-08-03,328.790009,108.9375,0.006952162,0.025197609
2020-08-04,330.059998,109.665001,0.003862614,0.00667815
2020-08-05,332.109985,110.0625,0.006210953,0.003624666
2020-08-06,334.329987,113.902496,0.006684539,0.034889231
2020-08-07,334.570007,111.112503,0.000717913,-0.024494573
2020-08-10,335.570007,112.727501,0.002988911,0.0145348
2020-08-11,332.799988,109.375,-0.008254668,-0.029739868
2020-08-12,337.440002,113.010002,0.01394235,0.033234304
2020-08-13,336.829987,115.010002,-0.001807773,0.017697549
2020-08-14,336.839996,114.907501,2.97E-05,-0.000891236
2020-08-17,337.910004,114.607498,0.003176606,-0.002610822
2020-08-18,338.640015,115.5625,0.002160371,0.008332806
2020-08-19,337.230011,115.707497,-0.004163725,0.001254706
2020-08-20,338.279999,118.275002,0.003113566,0.022189617
2020-08-21,339.480011,124.370003,0.003547393,0.051532453
2020-08-24,342.920013,125.857498,0.01013315,0.011960239
2020-08-25,344.119995,124.824997,0.003499306,-0.008203731
2020-08-26,347.570007,126.522499,0.010025607,0.013599055
2020-08-27,348.329987,125.010002,0.002186552,-0.011954372
2020-08-28,350.579987,124.807503,0.006459392,-0.001619862
2020-08-31,349.309998,129.039993,-0.003622537,0.033912144
2020-09-01,352.600006,134.179993,0.009418591,0.039832612
2020-09-02,357.700012,131.399994,0.014463999,-0.020718432
2020-09-03,345.390015,120.879997,-0.034414304,-0.080060864
2020-09-04,342.570007,120.959999,-0.008164706,0.00066183
2020-09-08,333.209991,112.82,-0.027322929,-0.067294966
2020-09-09,339.790009,117.32,0.019747361,0.039886545
2020-09-10,333.890015,113.489998,-0.017363648,-0.032645772
2020-09-11,334.059998,112,0.000509099,-0.013128893
2020-09-14,338.459991,115.360001,0.013171266,0.030000009
2020-09-15,340.170013,115.540001,0.005052361,0.001560333
2020-09-16,338.820007,112.129997,-0.003968621,-0.029513623
2020-09-17,335.839996,110.339996,-0.008795263,-0.015963623
2020-09-18,330.649994,106.839996,-0.015453794,-0.031720139
2020-09-21,326.970001,110.080002,-0.011129572,0.030325778
2020-09-22,330.299988,111.809998,0.010184381,0.015715806
2020-09-23,322.640015,107.120003,-0.023190958,-0.041946115
2020-09-24,323.5,108.220001,0.002665463,0.010268838
2020-09-25,328.730011,112.279999,0.016166958,0.037516152
2020-09-28,334.190002,114.959999,0.016609348,0.023868899
2020-09-29,332.369995,114.089996,-0.005446025,-0.007567876
2020-09-30,334.890015,115.809998,0.007581972,0.015075835
2020-10-01,337.040009,116.790001,0.00642,0.008462162
2020-10-02,333.839996,113.019997,-0.00949446,-0.032280195
2020-10-05,339.76001,116.5,0.017733088,0.030791038
2020-10-06,334.929993,113.160004,-0.014215967,-0.028669494
2020-10-07,340.76001,115.080002,0.017406673,0.016967108
2020-10-08,343.779999,114.970001,0.00886251,-0.000955865
2020-10-09,346.850006,116.970001,0.00893015,0.017395842
2020-10-12,352.429993,124.400002,0.016087608,0.063520569
2020-10-13,350.130005,121.099998,-0.006526085,-0.026527363
2020-10-14,347.929993,121.190002,-0.006283415,0.00074322
2020-10-15,347.5,120.709999,-0.001235861,-0.003960748
2020-10-16,347.290009,119.019997,-0.000604291,-0.014000514
2020-10-19,342.01001,115.980003,-0.015203429,-0.025541876
2020-10-20,343.380005,117.510002,0.004005716,0.013191921
2020-10-21,342.730011,116.870003,-0.001892929,-0.005446336
2020-10-22,344.609985,115.75,0.005485291,-0.009583323
2020-10-23,345.779999,115.040001,0.003395183,-0.006133901
